relation,layer,head,accuracy_select,n_correct_select,n_total_select,accuracy_test,n_correct_test,n_total_test,accuracy_dev,n_correct_dev,n_total_dev
object_to_verb,0,0,0.13507326007326007,590,4368,0.12558139534883722,135,1075,0.12962962962962962,140,1080
object_to_verb,0,1,0.08836996336996338,386,4368,0.08186046511627906,88,1075,0.08888888888888889,96,1080
object_to_verb,0,2,0.12477106227106227,545,4368,0.1330232558139535,143,1075,0.11851851851851852,128,1080
object_to_verb,0,3,0.0013736263736263737,6,4368,0.0018604651162790699,2,1075,0.002777777777777778,3,1080
object_to_verb,0,4,0.30952380952380953,1352,4368,0.29023255813953486,312,1075,0.29814814814814816,322,1080
object_to_verb,0,5,0.0885989010989011,387,4368,0.10511627906976745,113,1075,0.08703703703703704,94,1080
object_to_verb,0,6,0.14514652014652016,634,4368,0.12,129,1075,0.11574074074074074,125,1080
object_to_verb,0,7,0.3836996336996337,1676,4368,0.37209302325581395,400,1075,0.36574074074074076,395,1080
object_to_verb,0,8,0.10989010989010989,480,4368,0.10697674418604651,115,1075,0.09444444444444444,102,1080
object_to_verb,0,9,0.08836996336996338,386,4368,0.07813953488372093,84,1075,0.0824074074074074,89,1080
object_to_verb,0,10,0.07188644688644688,314,4368,0.06883720930232558,74,1075,0.07222222222222222,78,1080
object_to_verb,0,11,0.07257326007326008,317,4368,0.06325581395348837,68,1075,0.0712962962962963,77,1080
object_to_verb,1,0,0.1591117216117216,695,4368,0.16279069767441862,175,1075,0.1527777777777778,165,1080
object_to_verb,1,1,0.3788919413919414,1655,4368,0.40093023255813953,431,1075,0.3731481481481482,403,1080
object_to_verb,1,2,0.017857142857142856,78,4368,0.021395348837209303,23,1075,0.017592592592592594,19,1080
object_to_verb,1,3,0.051739926739926737,226,4368,0.05116279069767442,55,1075,0.049074074074074076,53,1080
object_to_verb,1,4,0.009615384615384616,42,4368,0.01674418604651163,18,1075,0.008333333333333333,9,1080
object_to_verb,1,5,0.10622710622710622,464,4368,0.09767441860465116,105,1075,0.08611111111111111,93,1080
object_to_verb,1,6,0.2007783882783883,877,4368,0.18232558139534882,196,1075,0.1685185185185185,182,1080
object_to_verb,1,7,0.029075091575091576,127,4368,0.026046511627906978,28,1075,0.027777777777777776,30,1080
object_to_verb,1,8,0.0521978021978022,228,4368,0.04744186046511628,51,1075,0.05555555555555555,60,1080
object_to_verb,1,9,0.022664835164835164,99,4368,0.025116279069767444,27,1075,0.021296296296296296,23,1080
object_to_verb,1,10,0.035256410256410256,154,4368,0.04,43,1075,0.037037037037037035,40,1080
object_to_verb,1,11,0.023122710622710624,101,4368,0.027906976744186046,30,1075,0.025925925925925925,28,1080
object_to_verb,2,0,0.26373626373626374,1152,4368,0.2297674418604651,247,1075,0.26296296296296295,284,1080
object_to_verb,2,1,0.05952380952380952,260,4368,0.052093023255813956,56,1075,0.06666666666666667,72,1080
object_to_verb,2,2,0.0022893772893772895,10,4368,0.0018604651162790699,2,1075,0.005555555555555556,6,1080
object_to_verb,2,3,0.29464285714285715,1287,4368,0.3311627906976744,356,1075,0.2935185185185185,317,1080
object_to_verb,2,4,0.011217948717948718,49,4368,0.012093023255813953,13,1075,0.011111111111111112,12,1080
object_to_verb,2,5,0.32234432234432236,1408,4368,0.35069767441860467,377,1075,0.31851851851851853,344,1080
object_to_verb,2,6,0.1891025641025641,826,4368,0.16465116279069766,177,1075,0.18981481481481483,205,1080
object_to_verb,2,7,0.01076007326007326,47,4368,0.013953488372093023,15,1075,0.014814814814814815,16,1080
object_to_verb,2,8,0.5785256410256411,2527,4368,0.5832558139534884,627,1075,0.5574074074074075,602,1080
object_to_verb,2,9,0.3315018315018315,1448,4368,0.3283720930232558,353,1075,0.3277777777777778,354,1080
object_to_verb,2,10,0.020604395604395604,90,4368,0.01953488372093023,21,1075,0.014814814814814815,16,1080
object_to_verb,2,11,0.04532967032967033,198,4368,0.04186046511627907,45,1075,0.03888888888888889,42,1080
object_to_verb,3,0,0.024725274725274724,108,4368,0.03162790697674418,34,1075,0.03333333333333333,36,1080
object_to_verb,3,1,0.14652014652014653,640,4368,0.13023255813953488,140,1075,0.1527777777777778,165,1080
object_to_verb,3,2,0.32646520146520147,1426,4368,0.35255813953488374,379,1075,0.32037037037037036,346,1080
object_to_verb,3,3,0.29212454212454214,1276,4368,0.2958139534883721,318,1075,0.28703703703703703,310,1080
object_to_verb,3,4,0.050824175824175824,222,4368,0.05488372093023256,59,1075,0.05555555555555555,60,1080
object_to_verb,3,5,0.06227106227106227,272,4368,0.06325581395348837,68,1075,0.07685185185185185,83,1080
object_to_verb,3,6,0.1259157509157509,550,4368,0.11627906976744186,125,1075,0.12129629629629629,131,1080
object_to_verb,3,7,0.4107142857142857,1794,4368,0.4232558139534884,455,1075,0.40370370370370373,436,1080
object_to_verb,3,8,0.49038461538461536,2142,4368,0.47162790697674417,507,1075,0.4842592592592593,523,1080
object_to_verb,3,9,0.4333791208791209,1893,4368,0.3869767441860465,416,1075,0.40925925925925927,442,1080
object_to_verb,3,10,0.06318681318681318,276,4368,0.06325581395348837,68,1075,0.06018518518518518,65,1080
object_to_verb,3,11,0.12774725274725274,558,4368,0.12558139534883722,135,1075,0.12314814814814815,133,1080
object_to_verb,4,0,0.8127289377289377,3550,4368,0.8018604651162791,862,1075,0.8101851851851852,875,1080
object_to_verb,4,1,0.391025641025641,1708,4368,0.3469767441860465,373,1075,0.3824074074074074,413,1080
object_to_verb,4,2,0.18681318681318682,816,4368,0.19162790697674417,206,1075,0.18518518518518517,200,1080
object_to_verb,4,3,0.18795787545787546,821,4368,0.1702325581395349,183,1075,0.17962962962962964,194,1080
object_to_verb,4,4,0.11744505494505494,513,4368,0.12651162790697673,136,1075,0.11203703703703703,121,1080
object_to_verb,4,5,0.23557692307692307,1029,4368,0.24651162790697675,265,1075,0.23148148148148148,250,1080
object_to_verb,4,6,0.1646062271062271,719,4368,0.14790697674418604,159,1075,0.18055555555555555,195,1080
object_to_verb,4,7,0.08058608058608059,352,4368,0.08651162790697674,93,1075,0.08518518518518518,92,1080
object_to_verb,4,8,0.07051282051282051,308,4368,0.06697674418604652,72,1075,0.07222222222222222,78,1080
object_to_verb,4,9,0.3331043956043956,1455,4368,0.30604651162790697,329,1075,0.3194444444444444,345,1080
object_to_verb,4,10,0.06845238095238096,299,4368,0.07534883720930233,81,1075,0.06574074074074074,71,1080
object_to_verb,4,11,0.32532051282051283,1421,4368,0.35348837209302325,380,1075,0.32037037037037036,346,1080
object_to_verb,5,0,0.011446886446886446,50,4368,0.0074418604651162795,8,1075,0.011111111111111112,12,1080
object_to_verb,5,1,0.0025183150183150185,11,4368,0.0018604651162790699,2,1075,0.002777777777777778,3,1080
object_to_verb,5,2,0.017628205128205128,77,4368,0.018604651162790697,20,1075,0.020370370370370372,22,1080
object_to_verb,5,3,0.1391941391941392,608,4368,0.09953488372093024,107,1075,0.13240740740740742,143,1080
object_to_verb,5,4,0.6398809523809523,2795,4368,0.6390697674418605,687,1075,0.5962962962962963,644,1080
object_to_verb,5,5,0.00434981684981685,19,4368,0.0018604651162790699,2,1075,0.003703703703703704,4,1080
object_to_verb,5,6,0.33539377289377287,1465,4368,0.36186046511627906,389,1075,0.3388888888888889,366,1080
object_to_verb,5,7,0.4993131868131868,2181,4368,0.4762790697674419,512,1075,0.4675925925925926,505,1080
object_to_verb,5,8,0.05746336996336996,251,4368,0.04744186046511628,51,1075,0.05555555555555555,60,1080
object_to_verb,5,9,0.07463369963369963,326,4368,0.08093023255813954,87,1075,0.07314814814814814,79,1080
object_to_verb,5,10,0.14858058608058608,649,4368,0.16744186046511628,180,1075,0.14444444444444443,156,1080
object_to_verb,5,11,0.08836996336996338,386,4368,0.07441860465116279,80,1075,0.08981481481481482,97,1080
object_to_verb,6,0,0.44642857142857145,1950,4368,0.413953488372093,445,1075,0.4222222222222222,456,1080
object_to_verb,6,1,0.023809523809523808,104,4368,0.023255813953488372,25,1075,0.020370370370370372,22,1080
object_to_verb,6,2,0.044413919413919416,194,4368,0.04372093023255814,47,1075,0.03425925925925926,37,1080
object_to_verb,6,3,0.10989010989010989,480,4368,0.10697674418604651,115,1075,0.09814814814814815,106,1080
object_to_verb,6,4,0.2509157509157509,1096,4368,0.22697674418604652,244,1075,0.2601851851851852,281,1080
object_to_verb,6,5,0.2326007326007326,1016,4368,0.2344186046511628,252,1075,0.25277777777777777,273,1080
object_to_verb,6,6,0.10347985347985347,452,4368,0.11813953488372093,127,1075,0.08796296296296297,95,1080
object_to_verb,6,7,0.09317765567765568,407,4368,0.08930232558139535,96,1075,0.10277777777777777,111,1080
object_to_verb,6,8,0.37614468864468864,1643,4368,0.4027906976744186,433,1075,0.3814814814814815,412,1080
object_to_verb,6,9,0.00434981684981685,19,4368,0.0037209302325581397,4,1075,0.000925925925925926,1,1080
object_to_verb,6,10,0.021291208791208792,93,4368,0.021395348837209303,23,1075,0.025,27,1080
object_to_verb,6,11,0.6531593406593407,2853,4368,0.6167441860465116,663,1075,0.6481481481481481,700,1080
object_to_verb,7,0,0.5258699633699634,2297,4368,0.5572093023255814,599,1075,0.5194444444444445,561,1080
object_to_verb,7,1,0.07875457875457875,344,4368,0.06976744186046512,75,1075,0.08425925925925926,91,1080
object_to_verb,7,2,0.05334249084249084,233,4368,0.053023255813953486,57,1075,0.06574074074074074,71,1080
object_to_verb,7,3,0.0647893772893773,283,4368,0.06976744186046512,75,1075,0.062037037037037036,67,1080
object_to_verb,7,4,0.38621794871794873,1687,4368,0.37209302325581395,400,1075,0.35185185185185186,380,1080
object_to_verb,7,5,0.027930402930402932,122,4368,0.029767441860465118,32,1075,0.03333333333333333,36,1080
object_to_verb,7,6,0.07898351648351648,345,4368,0.07162790697674419,77,1075,0.07592592592592592,82,1080
object_to_verb,7,7,0.015567765567765568,68,4368,0.01581395348837209,17,1075,0.017592592592592594,19,1080
object_to_verb,7,8,0.5547161172161172,2423,4368,0.5506976744186046,592,1075,0.5574074074074075,602,1080
object_to_verb,7,9,0.2934981684981685,1282,4368,0.2641860465116279,284,1075,0.2851851851851852,308,1080
object_to_verb,7,10,0.002976190476190476,13,4368,0.0018604651162790699,2,1075,0.001851851851851852,2,1080
object_to_verb,7,11,0.017628205128205128,77,4368,0.01581395348837209,17,1075,0.008333333333333333,9,1080
object_to_verb,8,0,0.025183150183150184,110,4368,0.03162790697674418,34,1075,0.03148148148148148,34,1080
object_to_verb,8,1,0.003891941391941392,17,4368,0.0037209302325581397,4,1075,0.003703703703703704,4,1080
object_to_verb,8,2,0.11698717948717949,511,4368,0.10511627906976745,113,1075,0.10555555555555556,114,1080
object_to_verb,8,3,0.021749084249084248,95,4368,0.024186046511627906,26,1075,0.025,27,1080
object_to_verb,8,4,0.6623168498168498,2893,4368,0.6548837209302325,704,1075,0.6416666666666667,693,1080
object_to_verb,8,5,0.3756868131868132,1641,4368,0.3395348837209302,365,1075,0.35,378,1080
object_to_verb,8,6,0.011446886446886446,50,4368,0.011162790697674419,12,1075,0.009259259259259259,10,1080
object_to_verb,8,7,0.5105311355311355,2230,4368,0.533953488372093,574,1075,0.4962962962962963,536,1080
object_to_verb,8,8,0.08035714285714286,351,4368,0.08093023255813954,87,1075,0.08796296296296297,95,1080
object_to_verb,8,9,0.0641025641025641,280,4368,0.06046511627906977,65,1075,0.06944444444444445,75,1080
object_to_verb,8,10,0.160485347985348,701,4368,0.15069767441860465,162,1075,0.1425925925925926,154,1080
object_to_verb,8,11,0.11996336996336997,524,4368,0.10883720930232559,117,1075,0.09444444444444444,102,1080
object_to_verb,9,0,0.26282051282051283,1148,4368,0.2567441860465116,276,1075,0.22037037037037038,238,1080
object_to_verb,9,1,0.02152014652014652,94,4368,0.021395348837209303,23,1075,0.017592592592592594,19,1080
object_to_verb,9,2,0.15705128205128205,686,4368,0.13488372093023257,145,1075,0.1287037037037037,139,1080
object_to_verb,9,3,0.5199175824175825,2271,4368,0.5004651162790698,538,1075,0.5101851851851852,551,1080
object_to_verb,9,4,0.048763736263736264,213,4368,0.04186046511627907,45,1075,0.053703703703703705,58,1080
object_to_verb,9,5,0.17513736263736263,765,4368,0.17209302325581396,185,1075,0.1712962962962963,185,1080
object_to_verb,9,6,0.13507326007326007,590,4368,0.13023255813953488,140,1075,0.13703703703703704,148,1080
object_to_verb,9,7,0.07348901098901099,321,4368,0.06976744186046512,75,1075,0.06018518518518518,65,1080
object_to_verb,9,8,0.08470695970695971,370,4368,0.07720930232558139,83,1075,0.07222222222222222,78,1080
object_to_verb,9,9,0.04716117216117216,206,4368,0.052093023255813956,56,1075,0.041666666666666664,45,1080
object_to_verb,9,10,0.12431318681318682,543,4368,0.13395348837209303,144,1075,0.12407407407407407,134,1080
object_to_verb,9,11,0.011446886446886446,50,4368,0.0065116279069767444,7,1075,0.007407407407407408,8,1080
object_to_verb,10,0,0.10004578754578755,437,4368,0.09767441860465116,105,1075,0.09166666666666666,99,1080
object_to_verb,10,1,0.14514652014652016,634,4368,0.12744186046511627,137,1075,0.1388888888888889,150,1080
object_to_verb,10,2,0.08058608058608059,352,4368,0.08465116279069768,91,1075,0.08611111111111111,93,1080
object_to_verb,10,3,0.07554945054945054,330,4368,0.06976744186046512,75,1075,0.06388888888888888,69,1080
object_to_verb,10,4,0.23946886446886448,1046,4368,0.2586046511627907,278,1075,0.24074074074074073,260,1080
object_to_verb,10,5,0.12179487179487179,532,4368,0.09767441860465116,105,1075,0.11481481481481481,124,1080
object_to_verb,10,6,0.1636904761904762,715,4368,0.15813953488372093,170,1075,0.15555555555555556,168,1080
object_to_verb,10,7,0.1581959706959707,691,4368,0.14418604651162792,155,1075,0.1361111111111111,147,1080
object_to_verb,10,8,0.005494505494505495,24,4368,0.005581395348837209,6,1075,0.005555555555555556,6,1080
object_to_verb,10,9,0.486492673992674,2125,4368,0.5060465116279069,544,1075,0.48333333333333334,522,1080
object_to_verb,10,10,0.08104395604395605,354,4368,0.08372093023255814,90,1075,0.08055555555555556,87,1080
object_to_verb,10,11,0.4592490842490842,2006,4368,0.4669767441860465,502,1075,0.45740740740740743,494,1080
object_to_verb,11,0,0.028388278388278388,124,4368,0.037209302325581395,40,1075,0.020370370370370372,22,1080
object_to_verb,11,1,0.13713369963369965,599,4368,0.13953488372093023,150,1075,0.13055555555555556,141,1080
object_to_verb,11,2,0.09958791208791208,435,4368,0.09674418604651162,104,1075,0.10555555555555556,114,1080
object_to_verb,11,3,0.21611721611721613,944,4368,0.19906976744186047,214,1075,0.2222222222222222,240,1080
object_to_verb,11,4,0.04739010989010989,207,4368,0.05023255813953489,54,1075,0.05185185185185185,56,1080
object_to_verb,11,5,0.05105311355311355,223,4368,0.04372093023255814,47,1075,0.058333333333333334,63,1080
object_to_verb,11,6,0.10554029304029304,461,4368,0.1013953488372093,109,1075,0.10555555555555556,114,1080
object_to_verb,11,7,0.03914835164835165,171,4368,0.04930232558139535,53,1075,0.03518518518518519,38,1080
object_to_verb,11,8,0.08630952380952381,377,4368,0.08930232558139535,96,1075,0.08518518518518518,92,1080
object_to_verb,11,9,0.21428571428571427,936,4368,0.20744186046511628,223,1075,0.2212962962962963,239,1080
object_to_verb,11,10,0.20764652014652016,907,4368,0.23162790697674418,249,1075,0.21203703703703702,229,1080
object_to_verb,11,11,0.36538461538461536,1596,4368,0.37209302325581395,400,1075,0.33055555555555555,357,1080
subject_to_verb,0,0,0.16118789689951438,863,5354,0.1546003016591252,205,1326,0.15693430656934307,215,1370
subject_to_verb,0,1,0.06014194994396713,322,5354,0.058823529411764705,78,1326,0.06861313868613139,94,1370
subject_to_verb,0,2,0.14979454613373178,802,5354,0.13197586726998492,175,1326,0.12700729927007298,174,1370
subject_to_verb,0,3,0.45666791184161376,2445,5354,0.44268476621417796,587,1326,0.4824817518248175,661,1370
subject_to_verb,0,4,0.2809114680612626,1504,5354,0.2812971342383107,373,1326,0.25547445255474455,350,1370
subject_to_verb,0,5,0.07807246918192005,418,5354,0.07315233785822021,97,1326,0.06788321167883211,93,1370
subject_to_verb,0,6,0.13167725065371685,705,5354,0.1282051282051282,170,1326,0.11313868613138686,155,1370
subject_to_verb,0,7,0.12476652969742248,668,5354,0.1297134238310709,172,1326,0.1335766423357664,183,1370
subject_to_verb,0,8,0.05080313784086664,272,5354,0.043740573152337855,58,1326,0.050364963503649635,69,1370
subject_to_verb,0,9,0.07396339185655584,396,5354,0.0641025641025641,85,1326,0.061313868613138686,84,1370
subject_to_verb,0,10,0.0480014942099365,257,5354,0.0444947209653092,59,1326,0.051824817518248176,71,1370
subject_to_verb,0,11,0.05547254389241688,297,5354,0.05580693815987934,74,1326,0.05401459854014599,74,1370
subject_to_verb,1,0,0.35151288756070226,1882,5354,0.3310708898944193,439,1326,0.362043795620438,496,1370
subject_to_verb,1,1,0.09152035861038475,490,5354,0.08974358974358974,119,1326,0.09781021897810219,134,1370
subject_to_verb,1,2,0.01307433694434068,70,5354,0.015082956259426848,20,1326,0.015328467153284672,21,1370
subject_to_verb,1,3,0.029323870003735524,157,5354,0.026395173453996983,35,1326,0.03868613138686131,53,1370
subject_to_verb,1,4,0.2599925289503175,1392,5354,0.28431372549019607,377,1326,0.2635036496350365,361,1370
subject_to_verb,1,5,0.03287261860291371,176,5354,0.029411764705882353,39,1326,0.027737226277372264,38,1370
subject_to_verb,1,6,0.11673515128875607,625,5354,0.11689291101055807,155,1326,0.1072992700729927,147,1370
subject_to_verb,1,7,0.02521479267837131,135,5354,0.024132730015082957,32,1326,0.025547445255474453,35,1370
subject_to_verb,1,8,0.05734030631303698,307,5354,0.043740573152337855,58,1326,0.04525547445255475,62,1370
subject_to_verb,1,9,0.023347030257751214,125,5354,0.021870286576168928,29,1326,0.024817518248175182,34,1370
subject_to_verb,1,10,0.023160254015689205,124,5354,0.02262443438914027,30,1326,0.032846715328467155,45,1370
subject_to_verb,1,11,0.010459469555472544,56,5354,0.010558069381598794,14,1326,0.00583941605839416,8,1370
subject_to_verb,2,0,0.10534180052297348,564,5354,0.11463046757164404,152,1326,0.12992700729927006,178,1370
subject_to_verb,2,1,0.03735524841240194,200,5354,0.033182503770739065,44,1326,0.03868613138686131,53,1370
subject_to_verb,2,2,0.45536047814717967,2438,5354,0.44268476621417796,587,1326,0.48175182481751827,660,1370
subject_to_verb,2,3,0.10272693313410534,550,5354,0.09803921568627451,130,1326,0.10875912408759124,149,1370
subject_to_verb,2,4,0.4695554725438924,2514,5354,0.46681749622926094,619,1326,0.48394160583941603,663,1370
subject_to_verb,2,5,0.07340306313036982,393,5354,0.0746606334841629,99,1326,0.07591240875912408,104,1370
subject_to_verb,2,6,0.03810235338064998,204,5354,0.03167420814479638,42,1326,0.043795620437956206,60,1370
subject_to_verb,2,7,0.009525588345162496,51,5354,0.008295625942684766,11,1326,0.010948905109489052,15,1370
subject_to_verb,2,8,0.08610384759058648,461,5354,0.08446455505279035,112,1326,0.09708029197080292,133,1370
subject_to_verb,2,9,0.1438177063877475,770,5354,0.14328808446455504,190,1326,0.15255474452554746,209,1370
subject_to_verb,2,10,0.01867762420620097,100,5354,0.02262443438914027,30,1326,0.024817518248175182,34,1370
subject_to_verb,2,11,0.014942099364960777,80,5354,0.013574660633484163,18,1326,0.012408759124087591,17,1370
subject_to_verb,3,0,0.01849084796413896,99,5354,0.021870286576168928,29,1326,0.01824817518248175,25,1370
subject_to_verb,3,1,0.09077325364213672,486,5354,0.09049773755656108,120,1326,0.10291970802919707,141,1370
subject_to_verb,3,2,0.10272693313410534,550,5354,0.10407239819004525,138,1326,0.10656934306569343,146,1370
subject_to_verb,3,3,0.08330220395965633,446,5354,0.09351432880844646,124,1326,0.09635036496350365,132,1370
subject_to_verb,3,4,0.04519985057900635,242,5354,0.04147812971342383,55,1326,0.05401459854014599,74,1370
subject_to_verb,3,5,0.054912215166230856,294,5354,0.05203619909502263,69,1326,0.04744525547445255,65,1370
subject_to_verb,3,6,0.1017930519237953,545,5354,0.10105580693815988,134,1326,0.1072992700729927,147,1370
subject_to_verb,3,7,0.11449383638401195,613,5354,0.1229260935143288,163,1326,0.12992700729927006,178,1370
subject_to_verb,3,8,0.11299962644751588,605,5354,0.1191553544494721,158,1326,0.12773722627737227,175,1370
subject_to_verb,3,9,0.11991034740381024,642,5354,0.12518853695324283,166,1326,0.1416058394160584,194,1370
subject_to_verb,3,10,0.21647366454986924,1159,5354,0.2066365007541478,274,1326,0.23138686131386862,317,1370
subject_to_verb,3,11,0.3442286141202839,1843,5354,0.3288084464555053,436,1326,0.37445255474452555,513,1370
subject_to_verb,4,0,0.17052670900261488,913,5354,0.16515837104072398,219,1326,0.19927007299270072,273,1370
subject_to_verb,4,1,0.10347403810235338,554,5354,0.1138763197586727,151,1326,0.12335766423357664,169,1370
subject_to_verb,4,2,0.0672394471423235,360,5354,0.06561085972850679,87,1326,0.08248175182481751,113,1370
subject_to_verb,4,3,0.3167725065371685,1696,5354,0.3152337858220211,418,1326,0.3554744525547445,487,1370
subject_to_verb,4,4,0.07396339185655584,396,5354,0.08597285067873303,114,1326,0.09124087591240876,125,1370
subject_to_verb,4,5,0.08703772880089652,466,5354,0.09954751131221719,132,1326,0.09854014598540146,135,1370
subject_to_verb,4,6,0.12345909600298842,661,5354,0.1244343891402715,165,1326,0.13138686131386862,180,1370
subject_to_verb,4,7,0.1288756070227867,690,5354,0.13122171945701358,174,1326,0.13722627737226278,188,1370
subject_to_verb,4,8,0.3571161748225626,1912,5354,0.33408748114630465,443,1326,0.38175182481751824,523,1370
subject_to_verb,4,9,0.11038475905864774,591,5354,0.12368024132730016,164,1326,0.11970802919708029,164,1370
subject_to_verb,4,10,0.057527082555098995,308,5354,0.058069381598793365,77,1326,0.06715328467153285,92,1370
subject_to_verb,4,11,0.09787075084049308,524,5354,0.09577677224736049,127,1326,0.10072992700729927,138,1370
subject_to_verb,5,0,0.537915577138588,2880,5354,0.5346907993966817,709,1326,0.5642335766423358,773,1370
subject_to_verb,5,1,0.4592827792304819,2459,5354,0.444947209653092,590,1326,0.4854014598540146,665,1370
subject_to_verb,5,2,0.28147179678744866,1507,5354,0.2654600301659125,352,1326,0.2941605839416058,403,1370
subject_to_verb,5,3,0.09114680612626073,488,5354,0.09049773755656108,120,1326,0.10291970802919707,141,1370
subject_to_verb,5,4,0.1096376540903997,587,5354,0.1191553544494721,158,1326,0.13138686131386862,180,1370
subject_to_verb,5,5,0.43257377661561447,2316,5354,0.4253393665158371,564,1326,0.4481751824817518,614,1370
subject_to_verb,5,6,0.07284273440418379,390,5354,0.06787330316742081,90,1326,0.07226277372262774,99,1370
subject_to_verb,5,7,0.24971983563690697,1337,5354,0.23453996983408748,311,1326,0.24671532846715327,338,1370
subject_to_verb,5,8,0.3404930892790437,1823,5354,0.3393665158371041,450,1326,0.35912408759124087,492,1370
subject_to_verb,5,9,0.049495704146432576,265,5354,0.05279034690799397,70,1326,0.059854014598540145,82,1370
subject_to_verb,5,10,0.14194994396712737,760,5354,0.12895927601809956,171,1326,0.14817518248175182,203,1370
subject_to_verb,5,11,0.13223757937990288,708,5354,0.1425339366515837,189,1326,0.15401459854014599,211,1370
subject_to_verb,6,0,0.12140455734030631,650,5354,0.13122171945701358,174,1326,0.14744525547445256,202,1370
subject_to_verb,6,1,0.5554725438924168,2974,5354,0.5588235294117647,741,1326,0.5693430656934306,780,1370
subject_to_verb,6,2,0.0635039223010833,340,5354,0.06184012066365008,82,1326,0.06350364963503649,87,1370
subject_to_verb,6,3,0.13765409039970117,737,5354,0.138763197586727,184,1326,0.15693430656934307,215,1370
subject_to_verb,6,4,0.0825550989914083,442,5354,0.07541478129713423,100,1326,0.07226277372262774,99,1370
subject_to_verb,6,5,0.13186402689577886,706,5354,0.13273001508295626,176,1326,0.15401459854014599,211,1370
subject_to_verb,6,6,0.12103100485618229,648,5354,0.10633484162895927,141,1326,0.11678832116788321,160,1370
subject_to_verb,6,7,0.16398954053044454,878,5354,0.14630467571644043,194,1326,0.17883211678832117,245,1370
subject_to_verb,6,8,0.09899140829286515,530,5354,0.09577677224736049,127,1326,0.1072992700729927,147,1370
subject_to_verb,6,9,0.4519985057900635,2420,5354,0.4419306184012066,586,1326,0.4737226277372263,649,1370
subject_to_verb,6,10,0.2635412775494957,1411,5354,0.24811463046757165,329,1326,0.26934306569343064,369,1370
subject_to_verb,6,11,0.134478894284647,720,5354,0.14027149321266968,186,1326,0.1562043795620438,214,1370
subject_to_verb,7,0,0.10235338064998133,548,5354,0.09502262443438914,126,1326,0.10583941605839416,145,1370
subject_to_verb,7,1,0.5156892043332089,2761,5354,0.5007541478129713,664,1326,0.5357664233576642,734,1370
subject_to_verb,7,2,0.1516623085543519,812,5354,0.14630467571644043,194,1326,0.15182481751824817,208,1370
subject_to_verb,7,3,0.3149047441165484,1686,5354,0.3076923076923077,408,1326,0.34014598540145985,466,1370
subject_to_verb,7,4,0.13989540530444527,749,5354,0.13800904977375567,183,1326,0.14817518248175182,203,1370
subject_to_verb,7,5,0.2538289129622712,1359,5354,0.2594268476621418,344,1326,0.2562043795620438,351,1370
subject_to_verb,7,6,0.15296974224878596,819,5354,0.15987933634992457,212,1326,0.16934306569343066,232,1370
subject_to_verb,7,7,0.3686963018304072,1974,5354,0.35671191553544496,473,1326,0.38175182481751824,523,1370
subject_to_verb,7,8,0.13634665670526708,730,5354,0.13650075414781296,181,1326,0.1437956204379562,197,1370
subject_to_verb,7,9,0.12028389988793425,644,5354,0.12895927601809956,171,1326,0.13941605839416057,191,1370
subject_to_verb,7,10,0.4340679865521106,2324,5354,0.41855203619909503,555,1326,0.4583941605839416,628,1370
subject_to_verb,7,11,0.3982069480762047,2132,5354,0.39441930618401205,523,1326,0.41605839416058393,570,1370
subject_to_verb,8,0,0.10720956294359357,574,5354,0.10784313725490197,143,1326,0.10072992700729927,138,1370
subject_to_verb,8,1,0.42286141202839,2264,5354,0.4019607843137255,533,1326,0.45474452554744527,623,1370
subject_to_verb,8,2,0.16847217033993275,902,5354,0.1689291101055807,224,1326,0.18759124087591242,257,1370
subject_to_verb,8,3,0.46245797534553607,2476,5354,0.4675716440422323,620,1326,0.4656934306569343,638,1370
subject_to_verb,8,4,0.23328352633545013,1249,5354,0.2458521870286576,326,1326,0.24306569343065693,333,1370
subject_to_verb,8,5,0.11225252147926784,601,5354,0.1191553544494721,158,1326,0.13065693430656936,179,1370
subject_to_verb,8,6,0.4443406798655211,2379,5354,0.43137254901960786,572,1326,0.47956204379562045,657,1370
subject_to_verb,8,7,0.10459469555472543,560,5354,0.1085972850678733,144,1326,0.10656934306569343,146,1370
subject_to_verb,8,8,0.27082555098991407,1450,5354,0.26244343891402716,348,1326,0.27956204379562044,383,1370
subject_to_verb,8,9,0.27213298468434816,1457,5354,0.26395173453996984,350,1326,0.28029197080291973,384,1370
subject_to_verb,8,10,0.4017556966753829,2151,5354,0.3770739064856712,500,1326,0.4218978102189781,578,1370
subject_to_verb,8,11,0.1807994023160254,968,5354,0.1870286576168929,248,1326,0.20072992700729927,275,1370
subject_to_verb,9,0,0.3117295480014942,1669,5354,0.31070889894419307,412,1326,0.3175182481751825,435,1370
subject_to_verb,9,1,0.41277549495704147,2210,5354,0.40120663650075417,532,1326,0.4416058394160584,605,1370
subject_to_verb,9,2,0.2626073963391857,1406,5354,0.2616892911010558,347,1326,0.28175182481751826,386,1370
subject_to_verb,9,3,0.18117295480014942,970,5354,0.18552036199095023,246,1326,0.19708029197080293,270,1370
subject_to_verb,9,4,0.5035487485991782,2696,5354,0.5007541478129713,664,1326,0.5218978102189781,715,1370
subject_to_verb,9,5,0.14363093014568548,769,5354,0.1282051282051282,170,1326,0.14525547445255474,199,1370
subject_to_verb,9,6,0.43033246171087036,2304,5354,0.4291101055806938,569,1326,0.4474452554744526,613,1370
subject_to_verb,9,7,0.14998132237579379,803,5354,0.167420814479638,222,1326,0.17372262773722627,238,1370
subject_to_verb,9,8,0.11524094135226,617,5354,0.10407239819004525,138,1326,0.11313868613138686,155,1370
subject_to_verb,9,9,0.4170713485244677,2233,5354,0.4019607843137255,533,1326,0.4401459854014598,603,1370
subject_to_verb,9,10,0.422487859544266,2262,5354,0.41025641025641024,544,1326,0.44233576642335765,606,1370
subject_to_verb,9,11,0.19499439671273813,1044,5354,0.2028657616892911,269,1326,0.2116788321167883,290,1370
subject_to_verb,10,0,0.14493836384011954,776,5354,0.13273001508295626,176,1326,0.14963503649635038,205,1370
subject_to_verb,10,1,0.3436682853940979,1840,5354,0.32654600301659126,433,1326,0.3386861313868613,464,1370
subject_to_verb,10,2,0.28520732162868884,1527,5354,0.2737556561085973,363,1326,0.3007299270072993,412,1370
subject_to_verb,10,3,0.20470676129996265,1096,5354,0.20361990950226244,270,1326,0.23065693430656933,316,1370
subject_to_verb,10,4,0.2792304818827045,1495,5354,0.27149321266968324,360,1326,0.28613138686131384,392,1370
subject_to_verb,10,5,0.1886440044826298,1010,5354,0.18250377073906485,242,1326,0.20802919708029197,285,1370
subject_to_verb,10,6,0.28576765035487484,1530,5354,0.26772247360482654,355,1326,0.2846715328467153,390,1370
subject_to_verb,10,7,0.38363840119536796,2054,5354,0.3755656108597285,498,1326,0.4029197080291971,552,1370
subject_to_verb,10,8,0.3518864400448263,1884,5354,0.361236802413273,479,1326,0.3788321167883212,519,1370
subject_to_verb,10,9,0.08236832274934629,441,5354,0.08672699849170437,115,1326,0.08978102189781022,123,1370
subject_to_verb,10,10,0.18490847964138962,990,5354,0.16289592760180996,216,1326,0.1897810218978102,260,1370
subject_to_verb,10,11,0.30295106462457977,1622,5354,0.3031674208144796,402,1326,0.30875912408759126,423,1370
subject_to_verb,11,0,0.04482629809488233,240,5354,0.03770739064856712,50,1326,0.04890510948905109,67,1370
subject_to_verb,11,1,0.25420246544639524,1361,5354,0.24057315233785823,319,1326,0.27226277372262775,373,1370
subject_to_verb,11,2,0.19742248785954428,1057,5354,0.18024132730015083,239,1326,0.19854014598540146,272,1370
subject_to_verb,11,3,0.21180425849831902,1134,5354,0.18627450980392157,247,1326,0.22043795620437956,302,1370
subject_to_verb,11,4,0.1458722450504296,781,5354,0.15233785822021115,202,1326,0.16277372262773723,223,1370
subject_to_verb,11,5,0.384011953679492,2056,5354,0.3755656108597285,498,1326,0.4116788321167883,564,1370
subject_to_verb,11,6,0.2099364960776989,1124,5354,0.19230769230769232,255,1326,0.22554744525547446,309,1370
subject_to_verb,11,7,0.14194994396712737,760,5354,0.13273001508295626,176,1326,0.15474452554744525,212,1370
subject_to_verb,11,8,0.23384385506163616,1252,5354,0.24660633484162897,327,1326,0.2759124087591241,378,1370
subject_to_verb,11,9,0.4884198729921554,2615,5354,0.4766214177978884,632,1326,0.49708029197080295,681,1370
subject_to_verb,11,10,0.28371311169219277,1519,5354,0.2790346907993967,370,1326,0.3102189781021898,425,1370
subject_to_verb,11,11,0.35319387373926037,1891,5354,0.3559577677224736,472,1326,0.37372262773722625,512,1370
object_adj_to_noun,0,0,0.20386266094420602,190,932,0.1724137931034483,40,232,0.2236842105263158,51,228
object_adj_to_noun,0,1,0.11158798283261803,104,932,0.13793103448275862,32,232,0.11842105263157894,27,228
object_adj_to_noun,0,2,0.18025751072961374,168,932,0.1939655172413793,45,232,0.20175438596491227,46,228
object_adj_to_noun,0,3,0.7542918454935622,703,932,0.8060344827586207,187,232,0.7368421052631579,168,228
object_adj_to_noun,0,4,0.23927038626609443,223,932,0.24568965517241378,57,232,0.2324561403508772,53,228
object_adj_to_noun,0,5,0.11373390557939914,106,932,0.13793103448275862,32,232,0.11403508771929824,26,228
object_adj_to_noun,0,6,0.20815450643776823,194,932,0.20689655172413793,48,232,0.19298245614035087,44,228
object_adj_to_noun,0,7,0.09227467811158799,86,932,0.11637931034482758,27,232,0.10526315789473684,24,228
object_adj_to_noun,0,8,0.17167381974248927,160,932,0.15086206896551724,35,232,0.18859649122807018,43,228
object_adj_to_noun,0,9,0.0815450643776824,76,932,0.05603448275862069,13,232,0.07017543859649122,16,228
object_adj_to_noun,0,10,0.04291845493562232,40,932,0.05172413793103448,12,232,0.06140350877192982,14,228
object_adj_to_noun,0,11,0.06223175965665236,58,932,0.04741379310344827,11,232,0.05263157894736842,12,228
object_adj_to_noun,1,0,0.5954935622317596,555,932,0.625,145,232,0.5657894736842105,129,228
object_adj_to_noun,1,1,0.008583690987124463,8,932,0.004310344827586207,1,232,0.021929824561403508,5,228
object_adj_to_noun,1,2,0.008583690987124463,8,932,0.008620689655172414,2,232,0.0043859649122807015,1,228
object_adj_to_noun,1,3,0.027896995708154508,26,932,0.04741379310344827,11,232,0.017543859649122806,4,228
object_adj_to_noun,1,4,0.5890557939914163,549,932,0.5905172413793104,137,232,0.5745614035087719,131,228
object_adj_to_noun,1,5,0.09549356223175966,89,932,0.1206896551724138,28,232,0.09649122807017543,22,228
object_adj_to_noun,1,6,0.2542918454935622,237,932,0.27586206896551724,64,232,0.3026315789473684,69,228
object_adj_to_noun,1,7,0.060085836909871244,56,932,0.06465517241379311,15,232,0.09649122807017543,22,228
object_adj_to_noun,1,8,0.1148068669527897,107,932,0.08620689655172414,20,232,0.10087719298245613,23,228
object_adj_to_noun,1,9,0.06223175965665236,58,932,0.08189655172413793,19,232,0.06578947368421052,15,228
object_adj_to_noun,1,10,0.02145922746781116,20,932,0.034482758620689655,8,232,0.021929824561403508,5,228
object_adj_to_noun,1,11,0.0536480686695279,50,932,0.04310344827586207,10,232,0.07017543859649122,16,228
object_adj_to_noun,2,0,0.002145922746781116,2,932,0.0,0,232,0.0043859649122807015,1,228
object_adj_to_noun,2,1,0.05257510729613734,49,932,0.07327586206896551,17,232,0.05701754385964912,13,228
object_adj_to_noun,2,2,0.7542918454935622,703,932,0.8060344827586207,187,232,0.7280701754385965,166,228
object_adj_to_noun,2,3,0.034334763948497854,32,932,0.034482758620689655,8,232,0.039473684210526314,9,228
object_adj_to_noun,2,4,0.4957081545064378,462,932,0.5,116,232,0.4517543859649123,103,228
object_adj_to_noun,2,5,0.02145922746781116,20,932,0.01293103448275862,3,232,0.03070175438596491,7,228
object_adj_to_noun,2,6,0.00536480686695279,5,932,0.004310344827586207,1,232,0.008771929824561403,2,228
object_adj_to_noun,2,7,0.03540772532188841,33,932,0.03879310344827586,9,232,0.02631578947368421,6,228
object_adj_to_noun,2,8,0.006437768240343348,6,932,0.004310344827586207,1,232,0.017543859649122806,4,228
object_adj_to_noun,2,9,0.47854077253218885,446,932,0.5560344827586207,129,232,0.4649122807017544,106,228
object_adj_to_noun,2,10,0.00536480686695279,5,932,0.004310344827586207,1,232,0.013157894736842105,3,228
object_adj_to_noun,2,11,0.059012875536480686,55,932,0.04741379310344827,11,232,0.07894736842105263,18,228
object_adj_to_noun,3,0,0.033261802575107295,31,932,0.03017241379310345,7,232,0.05263157894736842,12,228
object_adj_to_noun,3,1,0.04184549356223176,39,932,0.017241379310344827,4,232,0.03508771929824561,8,228
object_adj_to_noun,3,2,0.02467811158798283,23,932,0.017241379310344827,4,232,0.03070175438596491,7,228
object_adj_to_noun,3,3,0.002145922746781116,2,932,0.008620689655172414,2,232,0.008771929824561403,2,228
object_adj_to_noun,3,4,0.03862660944206009,36,932,0.03879310344827586,9,232,0.05701754385964912,13,228
object_adj_to_noun,3,5,0.2113733905579399,197,932,0.22413793103448276,52,232,0.25,57,228
object_adj_to_noun,3,6,0.016094420600858368,15,932,0.017241379310344827,4,232,0.039473684210526314,9,228
object_adj_to_noun,3,7,0.07081545064377683,66,932,0.08189655172413793,19,232,0.07894736842105263,18,228
object_adj_to_noun,3,8,0.01072961373390558,10,932,0.008620689655172414,2,232,0.0043859649122807015,1,228
object_adj_to_noun,3,9,0.04935622317596566,46,932,0.034482758620689655,8,232,0.039473684210526314,9,228
object_adj_to_noun,3,10,0.23819742489270387,222,932,0.1896551724137931,44,232,0.22807017543859648,52,228
object_adj_to_noun,3,11,0.3830472103004292,357,932,0.3620689655172414,84,232,0.33771929824561403,77,228
object_adj_to_noun,4,0,0.02145922746781116,20,932,0.01293103448275862,3,232,0.008771929824561403,2,228
object_adj_to_noun,4,1,0.004291845493562232,4,932,0.0,0,232,0.013157894736842105,3,228
object_adj_to_noun,4,2,0.07081545064377683,66,932,0.08620689655172414,20,232,0.08333333333333333,19,228
object_adj_to_noun,4,3,0.7575107296137339,706,932,0.7801724137931034,181,232,0.793859649122807,181,228
object_adj_to_noun,4,4,0.1223175965665236,114,932,0.13793103448275862,32,232,0.16228070175438597,37,228
object_adj_to_noun,4,5,0.02575107296137339,24,932,0.01293103448275862,3,232,0.02631578947368421,6,228
object_adj_to_noun,4,6,0.16952789699570817,158,932,0.12931034482758622,30,232,0.13596491228070176,31,228
object_adj_to_noun,4,7,0.22854077253218885,213,932,0.23275862068965517,54,232,0.25,57,228
object_adj_to_noun,4,8,0.3648068669527897,340,932,0.3448275862068966,80,232,0.32894736842105265,75,228
object_adj_to_noun,4,9,0.08369098712446352,78,932,0.0603448275862069,14,232,0.06140350877192982,14,228
object_adj_to_noun,4,10,0.0944206008583691,88,932,0.1206896551724138,28,232,0.08771929824561403,20,228
object_adj_to_noun,4,11,0.022532188841201718,21,932,0.01293103448275862,3,232,0.021929824561403508,5,228
object_adj_to_noun,5,0,0.5536480686695279,516,932,0.5560344827586207,129,232,0.5175438596491229,118,228
object_adj_to_noun,5,1,0.7553648068669528,704,932,0.8017241379310345,186,232,0.7368421052631579,168,228
object_adj_to_noun,5,2,0.20600858369098712,192,932,0.1853448275862069,43,232,0.2149122807017544,49,228
object_adj_to_noun,5,3,0.008583690987124463,8,932,0.01293103448275862,3,232,0.008771929824561403,2,228
object_adj_to_noun,5,4,0.0075107296137339056,7,932,0.008620689655172414,2,232,0.008771929824561403,2,228
object_adj_to_noun,5,5,0.7242489270386266,675,932,0.7456896551724138,173,232,0.7105263157894737,162,228
object_adj_to_noun,5,6,0.015021459227467811,14,932,0.004310344827586207,1,232,0.017543859649122806,4,228
object_adj_to_noun,5,7,0.48497854077253216,452,932,0.4482758620689655,104,232,0.43859649122807015,100,228
object_adj_to_noun,5,8,0.657725321888412,613,932,0.6939655172413793,161,232,0.6140350877192983,140,228
object_adj_to_noun,5,9,0.10193133047210301,95,932,0.09051724137931035,21,232,0.12280701754385964,28,228
object_adj_to_noun,5,10,0.23605150214592274,220,932,0.27155172413793105,63,232,0.25,57,228
object_adj_to_noun,5,11,0.23283261802575106,217,932,0.21120689655172414,49,232,0.17105263157894737,39,228
object_adj_to_noun,6,0,0.02575107296137339,24,932,0.02586206896551724,6,232,0.017543859649122806,4,228
object_adj_to_noun,6,1,0.8165236051502146,761,932,0.8103448275862069,188,232,0.8201754385964912,187,228
object_adj_to_noun,6,2,0.03755364806866953,35,932,0.02586206896551724,6,232,0.05263157894736842,12,228
object_adj_to_noun,6,3,0.14699570815450644,137,932,0.13793103448275862,32,232,0.17105263157894737,39,228
object_adj_to_noun,6,4,0.09763948497854077,91,932,0.08620689655172414,20,232,0.14035087719298245,32,228
object_adj_to_noun,6,5,0.22103004291845493,206,932,0.19827586206896552,46,232,0.2149122807017544,49,228
object_adj_to_noun,6,6,0.3283261802575107,306,932,0.39655172413793105,92,232,0.3201754385964912,73,228
object_adj_to_noun,6,7,0.44313304721030045,413,932,0.4353448275862069,101,232,0.4473684210526316,102,228
object_adj_to_noun,6,8,0.008583690987124463,8,932,0.004310344827586207,1,232,0.008771929824561403,2,228
object_adj_to_noun,6,9,0.7489270386266095,698,932,0.7931034482758621,184,232,0.7324561403508771,167,228
object_adj_to_noun,6,10,0.12875536480686695,120,932,0.10775862068965517,25,232,0.15350877192982457,35,228
object_adj_to_noun,6,11,0.03111587982832618,29,932,0.021551724137931036,5,232,0.03070175438596491,7,228
object_adj_to_noun,7,0,0.006437768240343348,6,932,0.008620689655172414,2,232,0.008771929824561403,2,228
object_adj_to_noun,7,1,0.6523605150214592,608,932,0.7025862068965517,163,232,0.6228070175438597,142,228
object_adj_to_noun,7,2,0.23283261802575106,217,932,0.2413793103448276,56,232,0.22807017543859648,52,228
object_adj_to_noun,7,3,0.4517167381974249,421,932,0.46120689655172414,107,232,0.44298245614035087,101,228
object_adj_to_noun,7,4,0.032188841201716736,30,932,0.034482758620689655,8,232,0.021929824561403508,5,228
object_adj_to_noun,7,5,0.14163090128755365,132,932,0.16379310344827586,38,232,0.12719298245614036,29,228
object_adj_to_noun,7,6,0.20600858369098712,192,932,0.1853448275862069,43,232,0.23684210526315788,54,228
object_adj_to_noun,7,7,0.25858369098712447,241,932,0.19827586206896552,46,232,0.30701754385964913,70,228
object_adj_to_noun,7,8,0.22639484978540772,211,932,0.21982758620689655,51,232,0.2543859649122807,58,228
object_adj_to_noun,7,9,0.09656652360515021,90,932,0.08189655172413793,19,232,0.09210526315789473,21,228
object_adj_to_noun,7,10,0.740343347639485,690,932,0.7629310344827587,177,232,0.7149122807017544,163,228
object_adj_to_noun,7,11,0.6491416309012875,605,932,0.6508620689655172,151,232,0.6666666666666666,152,228
object_adj_to_noun,8,0,0.07510729613733906,70,932,0.08620689655172414,20,232,0.04824561403508772,11,228
object_adj_to_noun,8,1,0.3969957081545064,370,932,0.34913793103448276,81,232,0.4298245614035088,98,228
object_adj_to_noun,8,2,0.24678111587982832,230,932,0.25862068965517243,60,232,0.2324561403508772,53,228
object_adj_to_noun,8,3,0.44957081545064376,419,932,0.39655172413793105,92,232,0.45614035087719296,104,228
object_adj_to_noun,8,4,0.18240343347639484,170,932,0.1896551724137931,44,232,0.17982456140350878,41,228
object_adj_to_noun,8,5,0.011802575107296138,11,932,0.02586206896551724,6,232,0.008771929824561403,2,228
object_adj_to_noun,8,6,0.5675965665236051,529,932,0.5387931034482759,125,232,0.5482456140350878,125,228
object_adj_to_noun,8,7,0.008583690987124463,8,932,0.004310344827586207,1,232,0.013157894736842105,3,228
object_adj_to_noun,8,8,0.3605150214592275,336,932,0.28879310344827586,67,232,0.34649122807017546,79,228
object_adj_to_noun,8,9,0.4034334763948498,376,932,0.3922413793103448,91,232,0.39035087719298245,89,228
object_adj_to_noun,8,10,0.6394849785407726,596,932,0.6724137931034483,156,232,0.6403508771929824,146,228
object_adj_to_noun,8,11,0.36909871244635195,344,932,0.3793103448275862,88,232,0.3684210526315789,84,228
object_adj_to_noun,9,0,0.5,466,932,0.4525862068965517,105,232,0.5131578947368421,117,228
object_adj_to_noun,9,1,0.6416309012875536,598,932,0.6767241379310345,157,232,0.6622807017543859,151,228
object_adj_to_noun,9,2,0.41738197424892703,389,932,0.4396551724137931,102,232,0.4166666666666667,95,228
object_adj_to_noun,9,3,0.2553648068669528,238,932,0.27155172413793105,63,232,0.21929824561403508,50,228
object_adj_to_noun,9,4,0.5515021459227468,514,932,0.5344827586206896,124,232,0.5482456140350878,125,228
object_adj_to_noun,9,5,0.26180257510729615,244,932,0.21551724137931033,50,232,0.23684210526315788,54,228
object_adj_to_noun,9,6,0.7188841201716738,670,932,0.7456896551724138,173,232,0.7149122807017544,163,228
object_adj_to_noun,9,7,0.33905579399141633,316,932,0.3577586206896552,83,232,0.34210526315789475,78,228
object_adj_to_noun,9,8,0.3798283261802575,354,932,0.40086206896551724,93,232,0.43859649122807015,100,228
object_adj_to_noun,9,9,0.7317596566523605,682,932,0.7543103448275862,175,232,0.7368421052631579,168,228
object_adj_to_noun,9,10,0.6834763948497854,637,932,0.6982758620689655,162,232,0.6666666666666666,152,228
object_adj_to_noun,9,11,0.2907725321888412,271,932,0.27586206896551724,64,232,0.3157894736842105,72,228
object_adj_to_noun,10,0,0.44635193133047213,416,932,0.4827586206896552,112,232,0.4956140350877193,113,228
object_adj_to_noun,10,1,0.5847639484978541,545,932,0.5905172413793104,137,232,0.5833333333333334,133,228
object_adj_to_noun,10,2,0.6169527896995708,575,932,0.5732758620689655,133,232,0.6008771929824561,137,228
object_adj_to_noun,10,3,0.4248927038626609,396,932,0.4267241379310345,99,232,0.40789473684210525,93,228
object_adj_to_noun,10,4,0.28969957081545067,270,932,0.2974137931034483,69,232,0.3157894736842105,72,228
object_adj_to_noun,10,5,0.2843347639484979,265,932,0.1853448275862069,43,232,0.2850877192982456,65,228
object_adj_to_noun,10,6,0.5804721030042919,541,932,0.5603448275862069,130,232,0.5570175438596491,127,228
object_adj_to_noun,10,7,0.6866952789699571,640,932,0.7456896551724138,173,232,0.6535087719298246,149,228
object_adj_to_noun,10,8,0.6791845493562232,633,932,0.728448275862069,169,232,0.6798245614035088,155,228
object_adj_to_noun,10,9,0.06866952789699571,64,932,0.06465517241379311,15,232,0.08333333333333333,19,228
object_adj_to_noun,10,10,0.4967811158798283,463,932,0.521551724137931,121,232,0.5219298245614035,119,228
object_adj_to_noun,10,11,0.490343347639485,457,932,0.4482758620689655,104,232,0.5263157894736842,120,228
object_adj_to_noun,11,0,0.12446351931330472,116,932,0.09051724137931035,21,232,0.14912280701754385,34,228
object_adj_to_noun,11,1,0.5429184549356223,506,932,0.5818965517241379,135,232,0.5745614035087719,131,228
object_adj_to_noun,11,2,0.47854077253218885,446,932,0.47844827586206895,111,232,0.4868421052631579,111,228
object_adj_to_noun,11,3,0.3283261802575107,306,932,0.3017241379310345,70,232,0.31140350877192985,71,228
object_adj_to_noun,11,4,0.1963519313304721,183,932,0.2025862068965517,47,232,0.19736842105263158,45,228
object_adj_to_noun,11,5,0.5300429184549357,494,932,0.5689655172413793,132,232,0.4956140350877193,113,228
object_adj_to_noun,11,6,0.48497854077253216,452,932,0.4525862068965517,105,232,0.42543859649122806,97,228
object_adj_to_noun,11,7,0.6115879828326181,570,932,0.625,145,232,0.6228070175438597,142,228
object_adj_to_noun,11,8,0.15236051502145923,142,932,0.16379310344827586,38,232,0.16228070175438597,37,228
object_adj_to_noun,11,9,0.6416309012875536,598,932,0.6422413793103449,149,232,0.6052631578947368,138,228
object_adj_to_noun,11,10,0.47317596566523606,441,932,0.49137931034482757,114,232,0.5219298245614035,119,228
object_adj_to_noun,11,11,0.26931330472103004,251,932,0.25862068965517243,60,232,0.29385964912280704,67,228
subject_adj_to_noun,0,0,0.21043771043771045,125,594,0.2597402597402597,40,154,0.2,31,155
subject_adj_to_noun,0,1,0.1127946127946128,67,594,0.16233766233766234,25,154,0.0967741935483871,15,155
subject_adj_to_noun,0,2,0.19696969696969696,117,594,0.22077922077922077,34,154,0.18064516129032257,28,155
subject_adj_to_noun,0,3,0.7457912457912458,443,594,0.8116883116883117,125,154,0.7161290322580646,111,155
subject_adj_to_noun,0,4,0.30808080808080807,183,594,0.34415584415584416,53,154,0.3161290322580645,49,155
subject_adj_to_noun,0,5,0.13468013468013468,80,594,0.21428571428571427,33,154,0.11612903225806452,18,155
subject_adj_to_noun,0,6,0.23063973063973064,137,594,0.23376623376623376,36,154,0.23225806451612904,36,155
subject_adj_to_noun,0,7,0.14646464646464646,87,594,0.24675324675324675,38,154,0.14193548387096774,22,155
subject_adj_to_noun,0,8,0.18013468013468015,107,594,0.15584415584415584,24,154,0.13548387096774195,21,155
subject_adj_to_noun,0,9,0.08754208754208755,52,594,0.09090909090909091,14,154,0.06451612903225806,10,155
subject_adj_to_noun,0,10,0.058922558922558925,35,594,0.09090909090909091,14,154,0.04516129032258064,7,155
subject_adj_to_noun,0,11,0.08080808080808081,48,594,0.06493506493506493,10,154,0.05161290322580645,8,155
subject_adj_to_noun,1,0,0.6531986531986532,388,594,0.6948051948051948,107,154,0.6,93,155
subject_adj_to_noun,1,1,0.050505050505050504,30,594,0.08441558441558442,13,154,0.05161290322580645,8,155
subject_adj_to_noun,1,2,0.010101010101010102,6,594,0.032467532467532464,5,154,0.012903225806451613,2,155
subject_adj_to_noun,1,3,0.05555555555555555,33,594,0.07142857142857142,11,154,0.03870967741935484,6,155
subject_adj_to_noun,1,4,0.5976430976430976,355,594,0.512987012987013,79,154,0.6,93,155
subject_adj_to_noun,1,5,0.11447811447811448,68,594,0.12987012987012986,20,154,0.07096774193548387,11,155
subject_adj_to_noun,1,6,0.25925925925925924,154,594,0.33766233766233766,52,154,0.2129032258064516,33,155
subject_adj_to_noun,1,7,0.05555555555555555,33,594,0.08441558441558442,13,154,0.03870967741935484,6,155
subject_adj_to_noun,1,8,0.09090909090909091,54,594,0.09090909090909091,14,154,0.08387096774193549,13,155
subject_adj_to_noun,1,9,0.06228956228956229,37,594,0.05194805194805195,8,154,0.07741935483870968,12,155
subject_adj_to_noun,1,10,0.05387205387205387,32,594,0.1038961038961039,16,154,0.06451612903225806,10,155
subject_adj_to_noun,1,11,0.09595959595959595,57,594,0.11038961038961038,17,154,0.06451612903225806,10,155
subject_adj_to_noun,2,0,0.07575757575757576,45,594,0.11038961038961038,17,154,0.08387096774193549,13,155
subject_adj_to_noun,2,1,0.045454545454545456,27,594,0.05194805194805195,8,154,0.03870967741935484,6,155
subject_adj_to_noun,2,2,0.7457912457912458,443,594,0.8051948051948052,124,154,0.7225806451612903,112,155
subject_adj_to_noun,2,3,0.09427609427609428,56,594,0.09090909090909091,14,154,0.08387096774193549,13,155
subject_adj_to_noun,2,4,0.5909090909090909,351,594,0.5844155844155844,90,154,0.6451612903225806,100,155
subject_adj_to_noun,2,5,0.0707070707070707,42,594,0.05194805194805195,8,154,0.06451612903225806,10,155
subject_adj_to_noun,2,6,0.05218855218855219,31,594,0.05844155844155844,9,154,0.05161290322580645,8,155
subject_adj_to_noun,2,7,0.010101010101010102,6,594,0.025974025974025976,4,154,0.012903225806451613,2,155
subject_adj_to_noun,2,8,0.06565656565656566,39,594,0.07792207792207792,12,154,0.04516129032258064,7,155
subject_adj_to_noun,2,9,0.43602693602693604,259,594,0.44805194805194803,69,154,0.45806451612903226,71,155
subject_adj_to_noun,2,10,0.026936026936026935,16,594,0.05844155844155844,9,154,0.03870967741935484,6,155
subject_adj_to_noun,2,11,0.030303030303030304,18,594,0.045454545454545456,7,154,0.012903225806451613,2,155
subject_adj_to_noun,3,0,0.030303030303030304,18,594,0.032467532467532464,5,154,0.03870967741935484,6,155
subject_adj_to_noun,3,1,0.10774410774410774,64,594,0.1038961038961039,16,154,0.06451612903225806,10,155
subject_adj_to_noun,3,2,0.08754208754208755,52,594,0.11038961038961038,17,154,0.0967741935483871,15,155
subject_adj_to_noun,3,3,0.04882154882154882,29,594,0.032467532467532464,5,154,0.05161290322580645,8,155
subject_adj_to_noun,3,4,0.04377104377104377,26,594,0.08441558441558442,13,154,0.08387096774193549,13,155
subject_adj_to_noun,3,5,0.1531986531986532,91,594,0.18181818181818182,28,154,0.18064516129032257,28,155
subject_adj_to_noun,3,6,0.06902356902356903,41,594,0.09740259740259741,15,154,0.07096774193548387,11,155
subject_adj_to_noun,3,7,0.15993265993265993,95,594,0.16883116883116883,26,154,0.16129032258064516,25,155
subject_adj_to_noun,3,8,0.08080808080808081,48,594,0.11688311688311688,18,154,0.07096774193548387,11,155
subject_adj_to_noun,3,9,0.08249158249158249,49,594,0.09090909090909091,14,154,0.10967741935483871,17,155
subject_adj_to_noun,3,10,0.18013468013468015,107,594,0.14935064935064934,23,154,0.15483870967741936,24,155
subject_adj_to_noun,3,11,0.4612794612794613,274,594,0.35714285714285715,55,154,0.3741935483870968,58,155
subject_adj_to_noun,4,0,0.06902356902356903,41,594,0.09740259740259741,15,154,0.07096774193548387,11,155
subject_adj_to_noun,4,1,0.08249158249158249,49,594,0.09740259740259741,15,154,0.07096774193548387,11,155
subject_adj_to_noun,4,2,0.06734006734006734,40,594,0.05844155844155844,9,154,0.08387096774193549,13,155
subject_adj_to_noun,4,3,0.6430976430976431,382,594,0.6948051948051948,107,154,0.6709677419354839,104,155
subject_adj_to_noun,4,4,0.10942760942760943,65,594,0.12987012987012986,20,154,0.14838709677419354,23,155
subject_adj_to_noun,4,5,0.07912457912457913,47,594,0.09090909090909091,14,154,0.07741935483870968,12,155
subject_adj_to_noun,4,6,0.18855218855218855,112,594,0.2012987012987013,31,154,0.14838709677419354,23,155
subject_adj_to_noun,4,7,0.3164983164983165,188,594,0.35714285714285715,55,154,0.32903225806451614,51,155
subject_adj_to_noun,4,8,0.30134680134680136,179,594,0.24025974025974026,37,154,0.2709677419354839,42,155
subject_adj_to_noun,4,9,0.18013468013468015,107,594,0.17532467532467533,27,154,0.13548387096774195,21,155
subject_adj_to_noun,4,10,0.06397306397306397,38,594,0.05194805194805195,8,154,0.06451612903225806,10,155
subject_adj_to_noun,4,11,0.07744107744107744,46,594,0.1038961038961039,16,154,0.0967741935483871,15,155
subject_adj_to_noun,5,0,0.5185185185185185,308,594,0.4935064935064935,76,154,0.4774193548387097,74,155
subject_adj_to_noun,5,1,0.7424242424242424,441,594,0.8116883116883117,125,154,0.7161290322580646,111,155
subject_adj_to_noun,5,2,0.25252525252525254,150,594,0.2857142857142857,44,154,0.2129032258064516,33,155
subject_adj_to_noun,5,3,0.07912457912457913,47,594,0.09090909090909091,14,154,0.03225806451612903,5,155
subject_adj_to_noun,5,4,0.08754208754208755,52,594,0.11688311688311688,18,154,0.05806451612903226,9,155
subject_adj_to_noun,5,5,0.7239057239057239,430,594,0.7792207792207793,120,154,0.6709677419354839,104,155
subject_adj_to_noun,5,6,0.045454545454545456,27,594,0.06493506493506493,10,154,0.05806451612903226,9,155
subject_adj_to_noun,5,7,0.5286195286195287,314,594,0.4935064935064935,76,154,0.5548387096774193,86,155
subject_adj_to_noun,5,8,0.6212121212121212,369,594,0.7077922077922078,109,154,0.5806451612903226,90,155
subject_adj_to_noun,5,9,0.06060606060606061,36,594,0.03896103896103896,6,154,0.1032258064516129,16,155
subject_adj_to_noun,5,10,0.19023569023569023,113,594,0.24675324675324675,38,154,0.14193548387096774,22,155
subject_adj_to_noun,5,11,0.2878787878787879,171,594,0.36363636363636365,56,154,0.2903225806451613,45,155
subject_adj_to_noun,6,0,0.08249158249158249,49,594,0.11688311688311688,18,154,0.07096774193548387,11,155
subject_adj_to_noun,6,1,0.7710437710437711,458,594,0.7012987012987013,108,154,0.7612903225806451,118,155
subject_adj_to_noun,6,2,0.03535353535353535,21,594,0.05194805194805195,8,154,0.04516129032258064,7,155
subject_adj_to_noun,6,3,0.18181818181818182,108,594,0.21428571428571427,33,154,0.14838709677419354,23,155
subject_adj_to_noun,6,4,0.13636363636363635,81,594,0.14285714285714285,22,154,0.12258064516129032,19,155
subject_adj_to_noun,6,5,0.17845117845117844,106,594,0.18181818181818182,28,154,0.15483870967741936,24,155
subject_adj_to_noun,6,6,0.29292929292929293,174,594,0.33116883116883117,51,154,0.3225806451612903,50,155
subject_adj_to_noun,6,7,0.41245791245791247,245,594,0.37012987012987014,57,154,0.3870967741935484,60,155
subject_adj_to_noun,6,8,0.07407407407407407,44,594,0.09740259740259741,15,154,0.07741935483870968,12,155
subject_adj_to_noun,6,9,0.734006734006734,436,594,0.8116883116883117,125,154,0.7032258064516129,109,155
subject_adj_to_noun,6,10,0.10437710437710437,62,594,0.09090909090909091,14,154,0.07096774193548387,11,155
subject_adj_to_noun,6,11,0.1026936026936027,61,594,0.11038961038961038,17,154,0.09032258064516129,14,155
subject_adj_to_noun,7,0,0.06734006734006734,40,594,0.11038961038961038,17,154,0.06451612903225806,10,155
subject_adj_to_noun,7,1,0.5269360269360269,313,594,0.5454545454545454,84,154,0.5096774193548387,79,155
subject_adj_to_noun,7,2,0.17003367003367004,101,594,0.22077922077922077,34,154,0.18064516129032257,28,155
subject_adj_to_noun,7,3,0.3720538720538721,221,594,0.34415584415584416,53,154,0.3096774193548387,48,155
subject_adj_to_noun,7,4,0.12289562289562289,73,594,0.16233766233766234,25,154,0.12258064516129032,19,155
subject_adj_to_noun,7,5,0.05723905723905724,34,594,0.09740259740259741,15,154,0.05161290322580645,8,155
subject_adj_to_noun,7,6,0.21212121212121213,126,594,0.22077922077922077,34,154,0.21935483870967742,34,155
subject_adj_to_noun,7,7,0.3602693602693603,214,594,0.33766233766233766,52,154,0.2967741935483871,46,155
subject_adj_to_noun,7,8,0.30303030303030304,180,594,0.33766233766233766,52,154,0.25806451612903225,40,155
subject_adj_to_noun,7,9,0.10774410774410774,64,594,0.14935064935064934,23,154,0.09032258064516129,14,155
subject_adj_to_noun,7,10,0.7306397306397306,434,594,0.7857142857142857,121,154,0.6967741935483871,108,155
subject_adj_to_noun,7,11,0.6414141414141414,381,594,0.6688311688311688,103,154,0.5935483870967742,92,155
subject_adj_to_noun,8,0,0.1531986531986532,91,594,0.14935064935064934,23,154,0.12903225806451613,20,155
subject_adj_to_noun,8,1,0.5707070707070707,339,594,0.5844155844155844,90,154,0.49032258064516127,76,155
subject_adj_to_noun,8,2,0.26430976430976433,157,594,0.2662337662337662,41,154,0.23870967741935484,37,155
subject_adj_to_noun,8,3,0.3383838383838384,201,594,0.3246753246753247,50,154,0.3419354838709677,53,155
subject_adj_to_noun,8,4,0.33164983164983164,197,594,0.3051948051948052,47,154,0.24516129032258063,38,155
subject_adj_to_noun,8,5,0.08585858585858586,51,594,0.11688311688311688,18,154,0.06451612903225806,10,155
subject_adj_to_noun,8,6,0.622895622895623,370,594,0.577922077922078,89,154,0.5548387096774193,86,155
subject_adj_to_noun,8,7,0.07575757575757576,45,594,0.12337662337662338,19,154,0.07096774193548387,11,155
subject_adj_to_noun,8,8,0.41414141414141414,246,594,0.42207792207792205,65,154,0.36129032258064514,56,155
subject_adj_to_noun,8,9,0.31313131313131315,186,594,0.3181818181818182,49,154,0.2967741935483871,46,155
subject_adj_to_noun,8,10,0.6430976430976431,382,594,0.7012987012987013,108,154,0.567741935483871,88,155
subject_adj_to_noun,8,11,0.4377104377104377,260,594,0.4675324675324675,72,154,0.43870967741935485,68,155
subject_adj_to_noun,9,0,0.49326599326599324,293,594,0.4805194805194805,74,154,0.49032258064516127,76,155
subject_adj_to_noun,9,1,0.5892255892255892,350,594,0.6688311688311688,103,154,0.5548387096774193,86,155
subject_adj_to_noun,9,2,0.40235690235690236,239,594,0.3961038961038961,61,154,0.36774193548387096,57,155
subject_adj_to_noun,9,3,0.38047138047138046,226,594,0.44155844155844154,68,154,0.33548387096774196,52,155
subject_adj_to_noun,9,4,0.5404040404040404,321,594,0.525974025974026,81,154,0.47096774193548385,73,155
subject_adj_to_noun,9,5,0.30303030303030304,180,594,0.37662337662337664,58,154,0.3096774193548387,48,155
subject_adj_to_noun,9,6,0.7306397306397306,434,594,0.8051948051948052,124,154,0.7483870967741936,116,155
subject_adj_to_noun,9,7,0.3367003367003367,200,594,0.4025974025974026,62,154,0.36129032258064514,56,155
subject_adj_to_noun,9,8,0.3838383838383838,228,594,0.42207792207792205,65,154,0.3548387096774194,55,155
subject_adj_to_noun,9,9,0.7070707070707071,420,594,0.7987012987012987,123,154,0.7032258064516129,109,155
subject_adj_to_noun,9,10,0.6683501683501684,397,594,0.7532467532467533,116,154,0.6193548387096774,96,155
subject_adj_to_noun,9,11,0.3181818181818182,189,594,0.42207792207792205,65,154,0.3096774193548387,48,155
subject_adj_to_noun,10,0,0.4292929292929293,255,594,0.4155844155844156,64,154,0.4,62,155
subject_adj_to_noun,10,1,0.5909090909090909,351,594,0.6558441558441559,101,154,0.6193548387096774,96,155
subject_adj_to_noun,10,2,0.5791245791245792,344,594,0.6168831168831169,95,154,0.49032258064516127,76,155
subject_adj_to_noun,10,3,0.44107744107744107,262,594,0.44805194805194803,69,154,0.3419354838709677,53,155
subject_adj_to_noun,10,4,0.30134680134680136,179,594,0.2857142857142857,44,154,0.3032258064516129,47,155
subject_adj_to_noun,10,5,0.3282828282828283,195,594,0.3246753246753247,50,154,0.2064516129032258,32,155
subject_adj_to_noun,10,6,0.5925925925925926,352,594,0.6103896103896104,94,154,0.5096774193548387,79,155
subject_adj_to_noun,10,7,0.7255892255892256,431,594,0.7012987012987013,108,154,0.6838709677419355,106,155
subject_adj_to_noun,10,8,0.6717171717171717,399,594,0.7077922077922078,109,154,0.6064516129032258,94,155
subject_adj_to_noun,10,9,0.14983164983164984,89,594,0.19480519480519481,30,154,0.17419354838709677,27,155
subject_adj_to_noun,10,10,0.44276094276094274,263,594,0.474025974025974,73,154,0.4129032258064516,64,155
subject_adj_to_noun,10,11,0.6885521885521886,409,594,0.6558441558441559,101,154,0.6387096774193548,99,155
subject_adj_to_noun,11,0,0.13468013468013468,80,594,0.16883116883116883,26,154,0.12903225806451613,20,155
subject_adj_to_noun,11,1,0.5892255892255892,350,594,0.6038961038961039,93,154,0.567741935483871,88,155
subject_adj_to_noun,11,2,0.48653198653198654,289,594,0.4805194805194805,74,154,0.38064516129032255,59,155
subject_adj_to_noun,11,3,0.3367003367003367,200,594,0.2922077922077922,45,154,0.2838709677419355,44,155
subject_adj_to_noun,11,4,0.28114478114478114,167,594,0.2987012987012987,46,154,0.23225806451612904,36,155
subject_adj_to_noun,11,5,0.5050505050505051,300,594,0.4675324675324675,72,154,0.3935483870967742,61,155
subject_adj_to_noun,11,6,0.4175084175084175,248,594,0.4090909090909091,63,154,0.36774193548387096,57,155
subject_adj_to_noun,11,7,0.6531986531986532,388,594,0.6233766233766234,96,154,0.6129032258064516,95,155
subject_adj_to_noun,11,8,0.24242424242424243,144,594,0.2532467532467532,39,154,0.1935483870967742,30,155
subject_adj_to_noun,11,9,0.5993265993265994,356,594,0.6623376623376623,102,154,0.6580645161290323,102,155
subject_adj_to_noun,11,10,0.5606060606060606,333,594,0.5974025974025974,92,154,0.5483870967741935,85,155
subject_adj_to_noun,11,11,0.4057239057239057,241,594,0.44155844155844154,68,154,0.3741935483870968,58,155
object_det_to_noun,0,0,0.029528676888131742,52,1761,0.04060913705583756,16,394,0.04357798165137615,19,436
object_det_to_noun,0,1,0.0073821692220329355,13,1761,0.007614213197969543,3,394,0.013761467889908258,6,436
object_det_to_noun,0,2,0.04997160704145372,88,1761,0.048223350253807105,19,394,0.04357798165137615,19,436
object_det_to_noun,0,3,0.5905735377626349,1040,1761,0.5609137055837563,221,394,0.5688073394495413,248,436
object_det_to_noun,0,4,0.17092561044860874,301,1761,0.1548223350253807,61,394,0.1834862385321101,80,436
object_det_to_noun,0,5,0.003975014196479273,7,1761,0.01015228426395939,4,394,0.011467889908256881,5,436
object_det_to_noun,0,6,0.1368540601930721,241,1761,0.1446700507614213,57,394,0.16972477064220184,74,436
object_det_to_noun,0,7,0.007950028392958546,14,1761,0.0025380710659898475,1,394,0.01834862385321101,8,436
object_det_to_noun,0,8,0.005110732538330494,9,1761,0.005076142131979695,2,394,0.006880733944954129,3,436
object_det_to_noun,0,9,0.02385008517887564,42,1761,0.01015228426395939,4,394,0.04128440366972477,18,436
object_det_to_noun,0,10,0.01192504258943782,21,1761,0.007614213197969543,3,394,0.016055045871559634,7,436
object_det_to_noun,0,11,0.09483248154457695,167,1761,0.06852791878172589,27,394,0.0963302752293578,42,436
object_det_to_noun,1,0,0.5837592277115276,1028,1761,0.5710659898477157,225,394,0.5688073394495413,248,436
object_det_to_noun,1,1,0.0028392958546280523,5,1761,0.0025380710659898475,1,394,0.0022935779816513763,1,436
object_det_to_noun,1,2,0.0017035775127768314,3,1761,0.0,0,394,0.0022935779816513763,1,436
object_det_to_noun,1,3,0.013628620102214651,24,1761,0.030456852791878174,12,394,0.020642201834862386,9,436
object_det_to_noun,1,4,0.3333333333333333,587,1761,0.35279187817258884,139,394,0.3486238532110092,152,436
object_det_to_noun,1,5,0.002271436683702442,4,1761,0.0025380710659898475,1,394,0.006880733944954129,3,436
object_det_to_noun,1,6,0.09085746734809767,160,1761,0.07868020304568528,31,394,0.08256880733944955,36,436
object_det_to_noun,1,7,0.0028392958546280523,5,1761,0.012690355329949238,5,394,0.011467889908256881,5,436
object_det_to_noun,1,8,0.12152186257808063,214,1761,0.1116751269035533,44,394,0.12844036697247707,56,436
object_det_to_noun,1,9,0.05678591709256105,100,1761,0.04568527918781726,18,394,0.05504587155963303,24,436
object_det_to_noun,1,10,0.018171493469619535,32,1761,0.030456852791878174,12,394,0.02522935779816514,11,436
object_det_to_noun,1,11,0.0017035775127768314,3,1761,0.0,0,394,0.0022935779816513763,1,436
object_det_to_noun,2,0,0.005110732538330494,9,1761,0.0025380710659898475,1,394,0.0022935779816513763,1,436
object_det_to_noun,2,1,0.019307211811470756,34,1761,0.027918781725888325,11,394,0.016055045871559634,7,436
object_det_to_noun,2,2,0.5900056785917093,1039,1761,0.5532994923857868,218,394,0.5688073394495413,248,436
object_det_to_noun,2,3,0.01306076093128904,23,1761,0.01015228426395939,4,394,0.011467889908256881,5,436
object_det_to_noun,2,4,0.4843838727995457,853,1761,0.4949238578680203,195,394,0.4793577981651376,209,436
object_det_to_noun,2,5,0.0028392958546280523,5,1761,0.005076142131979695,2,394,0.0022935779816513763,1,436
object_det_to_noun,2,6,0.001135718341851221,2,1761,0.0025380710659898475,1,394,0.0,0,436
object_det_to_noun,2,7,0.009085746734809767,16,1761,0.007614213197969543,3,394,0.013761467889908258,6,436
object_det_to_noun,2,8,0.0028392958546280523,5,1761,0.0,0,394,0.0022935779816513763,1,436
object_det_to_noun,2,9,0.20783645655877342,366,1761,0.18527918781725888,73,394,0.19954128440366972,87,436
object_det_to_noun,2,10,0.0028392958546280523,5,1761,0.0025380710659898475,1,394,0.0045871559633027525,2,436
object_det_to_noun,2,11,0.01306076093128904,23,1761,0.012690355329949238,5,394,0.013761467889908258,6,436
object_det_to_noun,3,0,0.010221465076660987,18,1761,0.01015228426395939,4,394,0.013761467889908258,6,436
object_det_to_noun,3,1,0.019875070982396367,35,1761,0.01015228426395939,4,394,0.011467889908256881,5,436
object_det_to_noun,3,2,0.008517887563884156,15,1761,0.01015228426395939,4,394,0.0045871559633027525,2,436
object_det_to_noun,3,3,0.007950028392958546,14,1761,0.015228426395939087,6,394,0.011467889908256881,5,436
object_det_to_noun,3,4,0.02328222600795003,41,1761,0.025380710659898477,10,394,0.01834862385321101,8,436
object_det_to_noun,3,5,0.13855763770584895,244,1761,0.11928934010152284,47,394,0.14678899082568808,64,436
object_det_to_noun,3,6,0.03236797274275979,57,1761,0.04060913705583756,16,394,0.027522935779816515,12,436
object_det_to_noun,3,7,0.021010789324247586,37,1761,0.03299492385786802,13,394,0.03211009174311927,14,436
object_det_to_noun,3,8,0.0017035775127768314,3,1761,0.005076142131979695,2,394,0.0045871559633027525,2,436
object_det_to_noun,3,9,0.002271436683702442,4,1761,0.0,0,394,0.0022935779816513763,1,436
object_det_to_noun,3,10,0.06303236797274275,111,1761,0.08375634517766498,33,394,0.09174311926605505,40,436
object_det_to_noun,3,11,0.24134014764338443,425,1761,0.19796954314720813,78,394,0.2591743119266055,113,436
object_det_to_noun,4,0,0.003975014196479273,7,1761,0.0025380710659898475,1,394,0.0045871559633027525,2,436
object_det_to_noun,4,1,0.003975014196479273,7,1761,0.0,0,394,0.0045871559633027525,2,436
object_det_to_noun,4,2,0.020442930153321975,36,1761,0.04568527918781726,18,394,0.02981651376146789,13,436
object_det_to_noun,4,3,0.706984667802385,1245,1761,0.7233502538071066,285,394,0.7270642201834863,317,436
object_det_to_noun,4,4,0.11300397501419648,199,1761,0.11421319796954314,45,394,0.10779816513761468,47,436
object_det_to_noun,4,5,0.059625212947189095,105,1761,0.06345177664974619,25,394,0.06651376146788991,29,436
object_det_to_noun,4,6,0.06700738216922203,118,1761,0.07614213197969544,30,394,0.0963302752293578,42,436
object_det_to_noun,4,7,0.09312890403180012,164,1761,0.07614213197969544,30,394,0.0871559633027523,38,436
object_det_to_noun,4,8,0.16751845542305507,295,1761,0.15228426395939088,60,394,0.1651376146788991,72,436
object_det_to_noun,4,9,0.007950028392958546,14,1761,0.007614213197969543,3,394,0.0045871559633027525,2,436
object_det_to_noun,4,10,0.020442930153321975,36,1761,0.015228426395939087,6,394,0.016055045871559634,7,436
object_det_to_noun,4,11,0.014196479273140262,25,1761,0.007614213197969543,3,394,0.01834862385321101,8,436
object_det_to_noun,5,0,0.2708688245315162,477,1761,0.2969543147208122,117,394,0.2775229357798165,121,436
object_det_to_noun,5,1,0.5865985235661556,1033,1761,0.5583756345177665,220,394,0.5665137614678899,247,436
object_det_to_noun,5,2,0.06700738216922203,118,1761,0.07360406091370558,29,394,0.07110091743119266,31,436
object_det_to_noun,5,3,0.0028392958546280523,5,1761,0.007614213197969543,3,394,0.0022935779816513763,1,436
object_det_to_noun,5,4,0.006246450880181715,11,1761,0.0025380710659898475,1,394,0.0045871559633027525,2,436
object_det_to_noun,5,5,0.5332197614991482,939,1761,0.5101522842639594,201,394,0.5160550458715596,225,436
object_det_to_noun,5,6,0.0073821692220329355,13,1761,0.005076142131979695,2,394,0.0045871559633027525,2,436
object_det_to_noun,5,7,0.1743327654741624,307,1761,0.18781725888324874,74,394,0.19036697247706422,83,436
object_det_to_noun,5,8,0.3532084043157297,622,1761,0.36548223350253806,144,394,0.3646788990825688,159,436
object_det_to_noun,5,9,0.0817717206132879,144,1761,0.07106598984771574,28,394,0.0779816513761468,34,436
object_det_to_noun,5,10,0.19875070982396364,350,1761,0.19543147208121828,77,394,0.1834862385321101,80,436
object_det_to_noun,5,11,0.07495741056218058,132,1761,0.07868020304568528,31,394,0.06651376146788991,29,436
object_det_to_noun,6,0,0.008517887563884156,15,1761,0.007614213197969543,3,394,0.0045871559633027525,2,436
object_det_to_noun,6,1,0.5332197614991482,939,1761,0.6015228426395939,237,394,0.536697247706422,234,436
object_det_to_noun,6,2,0.009653605905735378,17,1761,0.007614213197969543,3,394,0.013761467889908258,6,436
object_det_to_noun,6,3,0.054514480408858604,96,1761,0.08375634517766498,33,394,0.0389908256880734,17,436
object_det_to_noun,6,4,0.019307211811470756,34,1761,0.03807106598984772,15,394,0.020642201834862386,9,436
object_det_to_noun,6,5,0.131175468483816,231,1761,0.1802030456852792,71,394,0.15137614678899083,66,436
object_det_to_noun,6,6,0.17319704713231118,305,1761,0.22081218274111675,87,394,0.17889908256880735,78,436
object_det_to_noun,6,7,0.24134014764338443,425,1761,0.23857868020304568,94,394,0.2591743119266055,113,436
object_det_to_noun,6,8,0.008517887563884156,15,1761,0.01015228426395939,4,394,0.006880733944954129,3,436
object_det_to_noun,6,9,0.5780806360022714,1018,1761,0.5532994923857868,218,394,0.5596330275229358,244,436
object_det_to_noun,6,10,0.031232254400908575,55,1761,0.03299492385786802,13,394,0.02522935779816514,11,436
object_det_to_noun,6,11,0.005110732538330494,9,1761,0.005076142131979695,2,394,0.0045871559633027525,2,436
object_det_to_noun,7,0,0.010789324247586598,19,1761,0.01015228426395939,4,394,0.009174311926605505,4,436
object_det_to_noun,7,1,0.5377626348665531,947,1761,0.583756345177665,230,394,0.5527522935779816,241,436
object_det_to_noun,7,2,0.4077228847245883,718,1761,0.3756345177664975,148,394,0.39908256880733944,174,436
object_det_to_noun,7,3,0.1141396933560477,201,1761,0.11928934010152284,47,394,0.13073394495412843,57,436
object_det_to_noun,7,4,0.04315729699034639,76,1761,0.06345177664974619,25,394,0.03669724770642202,16,436
object_det_to_noun,7,5,0.04315729699034639,76,1761,0.027918781725888325,11,394,0.04128440366972477,18,436
object_det_to_noun,7,6,0.13401476433844406,236,1761,0.17258883248730963,68,394,0.17660550458715596,77,436
object_det_to_noun,7,7,0.1141396933560477,201,1761,0.11928934010152284,47,394,0.11697247706422019,51,436
object_det_to_noun,7,8,0.06757524134014764,119,1761,0.07868020304568528,31,394,0.03669724770642202,16,436
object_det_to_noun,7,9,0.01590005678591709,28,1761,0.02030456852791878,8,394,0.016055045871559634,7,436
object_det_to_noun,7,10,0.5775127768313458,1017,1761,0.5456852791878173,215,394,0.5711009174311926,249,436
object_det_to_noun,7,11,0.5173197047132311,911,1761,0.5126903553299492,202,394,0.4701834862385321,205,436
object_det_to_noun,8,0,0.016467915956842702,29,1761,0.02030456852791878,8,394,0.0389908256880734,17,436
object_det_to_noun,8,1,0.20840431572969903,367,1761,0.19796954314720813,78,394,0.21100917431192662,92,436
object_det_to_noun,8,2,0.11073253833049404,195,1761,0.13451776649746192,53,394,0.1353211009174312,59,436
object_det_to_noun,8,3,0.346961953435548,611,1761,0.3934010152284264,155,394,0.34174311926605505,149,436
object_det_to_noun,8,4,0.03520726859738785,62,1761,0.03553299492385787,14,394,0.03669724770642202,16,436
object_det_to_noun,8,5,0.0056785917092561046,10,1761,0.012690355329949238,5,394,0.0022935779816513763,1,436
object_det_to_noun,8,6,0.3083475298126065,543,1761,0.32741116751269034,129,394,0.3256880733944954,142,436
object_det_to_noun,8,7,0.015332197614991482,27,1761,0.017766497461928935,7,394,0.009174311926605505,4,436
object_det_to_noun,8,8,0.2021578648495173,356,1761,0.18781725888324874,74,394,0.19724770642201836,86,436
object_det_to_noun,8,9,0.2277115275411698,401,1761,0.23604060913705585,93,394,0.23394495412844038,102,436
object_det_to_noun,8,10,0.4293015332197615,756,1761,0.43147208121827413,170,394,0.4243119266055046,185,436
object_det_to_noun,8,11,0.2839295854628052,500,1761,0.27411167512690354,108,394,0.27293577981651373,119,436
object_det_to_noun,9,0,0.5570698466780238,981,1761,0.5736040609137056,226,394,0.5665137614678899,247,436
object_det_to_noun,9,1,0.5065303804656445,892,1761,0.45685279187817257,180,394,0.49770642201834864,217,436
object_det_to_noun,9,2,0.4190800681431005,738,1761,0.4289340101522843,169,394,0.4288990825688073,187,436
object_det_to_noun,9,3,0.10675752413401476,188,1761,0.11928934010152284,47,394,0.09403669724770643,41,436
object_det_to_noun,9,4,0.34639409426462237,610,1761,0.35279187817258884,139,394,0.36926605504587157,161,436
object_det_to_noun,9,5,0.18057921635434412,318,1761,0.19289340101522842,76,394,0.19495412844036697,85,436
object_det_to_noun,9,6,0.6507666098807495,1146,1761,0.649746192893401,256,394,0.6444954128440367,281,436
object_det_to_noun,9,7,0.22373651334469052,394,1761,0.2436548223350254,96,394,0.26376146788990823,115,436
object_det_to_noun,9,8,0.4452015900056786,784,1761,0.434010152284264,171,394,0.4197247706422018,183,436
object_det_to_noun,9,9,0.575809199318569,1014,1761,0.5583756345177665,220,394,0.5481651376146789,239,436
object_det_to_noun,9,10,0.4605337876206701,811,1761,0.4619289340101523,182,394,0.4701834862385321,205,436
object_det_to_noun,9,11,0.26916524701873934,474,1761,0.27411167512690354,108,394,0.29128440366972475,127,436
object_det_to_noun,10,0,0.45826235093696766,807,1761,0.4517766497461929,178,394,0.47706422018348627,208,436
object_det_to_noun,10,1,0.5156161272004542,908,1761,0.5101522842639594,201,394,0.5275229357798165,230,436
object_det_to_noun,10,2,0.524701873935264,924,1761,0.5101522842639594,201,394,0.536697247706422,234,436
object_det_to_noun,10,3,0.41396933560477,729,1761,0.37817258883248733,149,394,0.3922018348623853,171,436
object_det_to_noun,10,4,0.18852924474730268,332,1761,0.19289340101522842,76,394,0.19495412844036697,85,436
object_det_to_noun,10,5,0.12663259511641112,223,1761,0.1319796954314721,52,394,0.13073394495412843,57,436
object_det_to_noun,10,6,0.5428733674048836,956,1761,0.5076142131979695,200,394,0.518348623853211,226,436
object_det_to_noun,10,7,0.5474162407722885,964,1761,0.5558375634517766,219,394,0.5481651376146789,239,436
object_det_to_noun,10,8,0.4804088586030664,846,1761,0.4746192893401015,187,394,0.44495412844036697,194,436
object_det_to_noun,10,9,0.08347529812606473,147,1761,0.12436548223350254,49,394,0.08486238532110092,37,436
object_det_to_noun,10,10,0.478137421919364,842,1761,0.44923857868020306,177,394,0.4954128440366973,216,436
object_det_to_noun,10,11,0.44860874503123227,790,1761,0.4949238578680203,195,394,0.4197247706422018,183,436
object_det_to_noun,11,0,0.13003975014196478,229,1761,0.1446700507614213,57,394,0.12844036697247707,56,436
object_det_to_noun,11,1,0.38160136286201024,672,1761,0.383248730964467,151,394,0.3967889908256881,173,436
object_det_to_noun,11,2,0.3038046564452016,535,1761,0.2893401015228426,114,394,0.2958715596330275,129,436
object_det_to_noun,11,3,0.1629755820556502,287,1761,0.15736040609137056,62,394,0.1743119266055046,76,436
object_det_to_noun,11,4,0.21521862578080636,379,1761,0.22588832487309646,89,394,0.19724770642201836,86,436
object_det_to_noun,11,5,0.3895513912549688,686,1761,0.38071065989847713,150,394,0.34174311926605505,149,436
object_det_to_noun,11,6,0.36115843270868825,636,1761,0.35786802030456855,141,394,0.3623853211009174,158,436
object_det_to_noun,11,7,0.4565587734241908,804,1761,0.48984771573604063,193,394,0.43119266055045874,188,436
object_det_to_noun,11,8,0.1686541737649063,297,1761,0.16751269035532995,66,394,0.14220183486238533,62,436
object_det_to_noun,11,9,0.44860874503123227,790,1761,0.46446700507614214,183,394,0.4380733944954128,191,436
object_det_to_noun,11,10,0.5684270300965361,1001,1761,0.5228426395939086,206,394,0.5160550458715596,225,436
object_det_to_noun,11,11,0.17773992049971607,313,1761,0.20558375634517767,81,394,0.1834862385321101,80,436
subject_det_to_noun,0,0,0.08127721335268505,112,1378,0.07647058823529412,26,340,0.06515580736543909,23,353
subject_det_to_noun,0,1,0.009433962264150943,13,1378,0.008823529411764706,3,340,0.0113314447592068,4,353
subject_det_to_noun,0,2,0.0420899854862119,58,1378,0.047058823529411764,16,340,0.0453257790368272,16,353
subject_det_to_noun,0,3,0.625544267053701,862,1378,0.6,204,340,0.6317280453257791,223,353
subject_det_to_noun,0,4,0.18505079825834542,255,1378,0.1676470588235294,57,340,0.1671388101983003,59,353
subject_det_to_noun,0,5,0.04716981132075472,65,1378,0.058823529411764705,20,340,0.06232294617563739,22,353
subject_det_to_noun,0,6,0.15021770682148042,207,1378,0.11176470588235295,38,340,0.1274787535410765,45,353
subject_det_to_noun,0,7,0.20682148040638607,285,1378,0.18529411764705883,63,340,0.19830028328611898,70,353
subject_det_to_noun,0,8,0.005805515239477504,8,1378,0.008823529411764706,3,340,0.0113314447592068,4,353
subject_det_to_noun,0,9,0.047895500725689405,66,1378,0.041176470588235294,14,340,0.04815864022662889,17,353
subject_det_to_noun,0,10,0.01741654571843251,24,1378,0.014705882352941176,5,340,0.0028328611898017,1,353
subject_det_to_noun,0,11,0.11756168359941944,162,1378,0.08823529411764706,30,340,0.09915014164305949,35,353
subject_det_to_noun,1,0,0.604499274310595,833,1378,0.5970588235294118,203,340,0.5637393767705382,199,353
subject_det_to_noun,1,1,0.1792452830188679,247,1378,0.1676470588235294,57,340,0.1529745042492918,54,353
subject_det_to_noun,1,2,0.006531204644412192,9,1378,0.0058823529411764705,2,340,0.0056657223796034,2,353
subject_det_to_noun,1,3,0.018867924528301886,26,1378,0.0058823529411764705,2,340,0.0084985835694051,3,353
subject_det_to_noun,1,4,0.36937590711175616,509,1378,0.35294117647058826,120,340,0.34560906515580736,122,353
subject_det_to_noun,1,5,0.022496371552975326,31,1378,0.008823529411764706,3,340,0.014164305949008499,5,353
subject_det_to_noun,1,6,0.09579100145137881,132,1378,0.07941176470588235,27,340,0.07365439093484419,26,353
subject_det_to_noun,1,7,0.026124818577648767,36,1378,0.014705882352941176,5,340,0.0226628895184136,8,353
subject_det_to_noun,1,8,0.08708272859216255,120,1378,0.12058823529411765,41,340,0.0679886685552408,24,353
subject_det_to_noun,1,9,0.08055152394775036,111,1378,0.10588235294117647,36,340,0.0679886685552408,24,353
subject_det_to_noun,1,10,0.13352685050798258,184,1378,0.13529411764705881,46,340,0.11331444759206799,40,353
subject_det_to_noun,1,11,0.008708272859216255,12,1378,0.0058823529411764705,2,340,0.0028328611898017,1,353
subject_det_to_noun,2,0,0.2351233671988389,324,1378,0.2088235294117647,71,340,0.1954674220963173,69,353
subject_det_to_noun,2,1,0.012336719883889695,17,1378,0.0029411764705882353,1,340,0.0113314447592068,4,353
subject_det_to_noun,2,2,0.625544267053701,862,1378,0.6029411764705882,205,340,0.6345609065155807,224,353
subject_det_to_noun,2,3,0.137155297532656,189,1378,0.13823529411764707,47,340,0.12464589235127478,44,353
subject_det_to_noun,2,4,0.4898403483309144,675,1378,0.4588235294117647,156,340,0.49291784702549574,174,353
subject_det_to_noun,2,5,0.1262699564586357,174,1378,0.15,51,340,0.09631728045325778,34,353
subject_det_to_noun,2,6,0.05079825834542816,70,1378,0.05,17,340,0.0339943342776204,12,353
subject_det_to_noun,2,7,0.001451378809869376,2,1378,0.0,0,340,0.0,0,353
subject_det_to_noun,2,8,0.0899854862119013,124,1378,0.08529411764705883,29,340,0.0679886685552408,24,353
subject_det_to_noun,2,9,0.29027576197387517,400,1378,0.2735294117647059,93,340,0.29178470254957506,103,353
subject_det_to_noun,2,10,0.013062409288824383,18,1378,0.014705882352941176,5,340,0.0113314447592068,4,353
subject_det_to_noun,2,11,0.013062409288824383,18,1378,0.011764705882352941,4,340,0.0169971671388102,6,353
subject_det_to_noun,3,0,0.005805515239477504,8,1378,0.0029411764705882353,1,340,0.0056657223796034,2,353
subject_det_to_noun,3,1,0.21335268505079827,294,1378,0.19705882352941176,67,340,0.1813031161473088,64,353
subject_det_to_noun,3,2,0.21988388969521044,303,1378,0.21764705882352942,74,340,0.18980169971671387,67,353
subject_det_to_noun,3,3,0.1386066763425254,191,1378,0.09411764705882353,32,340,0.09348441926345609,33,353
subject_det_to_noun,3,4,0.06095791001451379,84,1378,0.07058823529411765,24,340,0.059490084985835696,21,353
subject_det_to_noun,3,5,0.05370101596516691,74,1378,0.06764705882352941,23,340,0.053824362606232294,19,353
subject_det_to_noun,3,6,0.20101596516690856,277,1378,0.15588235294117647,53,340,0.1671388101983003,59,353
subject_det_to_noun,3,7,0.25471698113207547,351,1378,0.2411764705882353,82,340,0.2096317280453258,74,353
subject_det_to_noun,3,8,0.21988388969521044,303,1378,0.18529411764705883,63,340,0.21529745042492918,76,353
subject_det_to_noun,3,9,0.13933236574746008,192,1378,0.1323529411764706,45,340,0.13314447592067988,47,353
subject_det_to_noun,3,10,0.0841799709724238,116,1378,0.07941176470588235,27,340,0.07365439093484419,26,353
subject_det_to_noun,3,11,0.28592162554426703,394,1378,0.27058823529411763,92,340,0.31728045325779036,112,353
subject_det_to_noun,4,0,0.1386066763425254,191,1378,0.10588235294117647,36,340,0.1048158640226629,37,353
subject_det_to_noun,4,1,0.22351233671988388,308,1378,0.21176470588235294,72,340,0.19263456090651557,68,353
subject_det_to_noun,4,2,0.03918722786647315,54,1378,0.06764705882352941,23,340,0.0339943342776204,12,353
subject_det_to_noun,4,3,0.6422351233671988,885,1378,0.6529411764705882,222,340,0.6175637393767706,218,353
subject_det_to_noun,4,4,0.06386066763425254,88,1378,0.05588235294117647,19,340,0.04815864022662889,17,353
subject_det_to_noun,4,5,0.25834542815674894,356,1378,0.22058823529411764,75,340,0.2237960339943343,79,353
subject_det_to_noun,4,6,0.23947750362844702,330,1378,0.2235294117647059,76,340,0.18413597733711048,65,353
subject_det_to_noun,4,7,0.22859216255442671,315,1378,0.22058823529411764,75,340,0.20679886685552407,73,353
subject_det_to_noun,4,8,0.11756168359941944,162,1378,0.09117647058823529,31,340,0.09631728045325778,34,353
subject_det_to_noun,4,9,0.20827285921625543,287,1378,0.20294117647058824,69,340,0.18696883852691218,66,353
subject_det_to_noun,4,10,0.01741654571843251,24,1378,0.011764705882352941,4,340,0.0113314447592068,4,353
subject_det_to_noun,4,11,0.21480406386066764,296,1378,0.21764705882352942,74,340,0.1954674220963173,69,353
subject_det_to_noun,5,0,0.37735849056603776,520,1378,0.3764705882352941,128,340,0.34844192634560905,123,353
subject_det_to_noun,5,1,0.6211901306240929,856,1378,0.5970588235294118,203,340,0.623229461756374,220,353
subject_det_to_noun,5,2,0.18505079825834542,255,1378,0.17352941176470588,59,340,0.17847025495750707,63,353
subject_det_to_noun,5,3,0.15239477503628446,210,1378,0.15294117647058825,52,340,0.13031161473087818,46,353
subject_det_to_noun,5,4,0.23947750362844702,330,1378,0.21764705882352942,74,340,0.20396600566572237,72,353
subject_det_to_noun,5,5,0.5362844702467344,739,1378,0.5323529411764706,181,340,0.5552407932011332,196,353
subject_det_to_noun,5,6,0.1386066763425254,191,1378,0.15588235294117647,53,340,0.1274787535410765,45,353
subject_det_to_noun,5,7,0.28664731494920176,395,1378,0.29705882352941176,101,340,0.28328611898017,100,353
subject_det_to_noun,5,8,0.4143686502177068,571,1378,0.38823529411764707,132,340,0.39660056657223797,140,353
subject_det_to_noun,5,9,0.05079825834542816,70,1378,0.058823529411764705,20,340,0.036827195467422094,13,353
subject_det_to_noun,5,10,0.10885341074020319,150,1378,0.09705882352941177,33,340,0.12464589235127478,44,353
subject_det_to_noun,5,11,0.15457184325108853,213,1378,0.14411764705882352,49,340,0.1359773371104816,48,353
subject_det_to_noun,6,0,0.23730043541364296,327,1378,0.21470588235294116,73,340,0.2096317280453258,74,353
subject_det_to_noun,6,1,0.4825834542815675,665,1378,0.43823529411764706,149,340,0.47592067988668557,168,353
subject_det_to_noun,6,2,0.08925979680696662,123,1378,0.09117647058823529,31,340,0.06515580736543909,23,353
subject_det_to_noun,6,3,0.20609579100145137,284,1378,0.18235294117647058,62,340,0.17847025495750707,63,353
subject_det_to_noun,6,4,0.0660377358490566,91,1378,0.05588235294117647,19,340,0.04815864022662889,17,353
subject_det_to_noun,6,5,0.21770682148040638,300,1378,0.22647058823529412,77,340,0.17280453257790368,61,353
subject_det_to_noun,6,6,0.18867924528301888,260,1378,0.18235294117647058,62,340,0.20679886685552407,73,353
subject_det_to_noun,6,7,0.23730043541364296,327,1378,0.21176470588235294,72,340,0.24362606232294617,86,353
subject_det_to_noun,6,8,0.23802612481857766,328,1378,0.23529411764705882,80,340,0.20396600566572237,72,353
subject_det_to_noun,6,9,0.6037735849056604,832,1378,0.5794117647058824,197,340,0.623229461756374,220,353
subject_det_to_noun,6,10,0.07111756168359942,98,1378,0.061764705882352944,21,340,0.0679886685552408,24,353
subject_det_to_noun,6,11,0.22568940493468795,311,1378,0.2088235294117647,71,340,0.20113314447592068,71,353
subject_det_to_noun,7,0,0.22859216255442671,315,1378,0.23529411764705882,80,340,0.18980169971671387,67,353
subject_det_to_noun,7,1,0.29172714078374457,402,1378,0.25882352941176473,88,340,0.26628895184135976,94,353
subject_det_to_noun,7,2,0.3113207547169811,429,1378,0.2852941176470588,97,340,0.3286118980169972,116,353
subject_det_to_noun,7,3,0.1690856313497823,233,1378,0.1676470588235294,57,340,0.15864022662889518,56,353
subject_det_to_noun,7,4,0.28592162554426703,394,1378,0.2647058823529412,90,340,0.26062322946175637,92,353
subject_det_to_noun,7,5,0.031204644412191583,43,1378,0.020588235294117647,7,340,0.031161473087818695,11,353
subject_det_to_noun,7,6,0.2053701015965167,283,1378,0.17058823529411765,58,340,0.1954674220963173,69,353
subject_det_to_noun,7,7,0.2416545718432511,333,1378,0.21176470588235294,72,340,0.23796033994334279,84,353
subject_det_to_noun,7,8,0.3084179970972424,425,1378,0.3088235294117647,105,340,0.28328611898017,100,353
subject_det_to_noun,7,9,0.24310595065312046,335,1378,0.22647058823529412,77,340,0.21529745042492918,76,353
subject_det_to_noun,7,10,0.5986937590711175,825,1378,0.5852941176470589,199,340,0.6147308781869688,217,353
subject_det_to_noun,7,11,0.5740203193033382,791,1378,0.5617647058823529,191,340,0.5722379603399433,202,353
subject_det_to_noun,8,0,0.16182873730043543,223,1378,0.1323529411764706,45,340,0.1529745042492918,54,353
subject_det_to_noun,8,1,0.44920174165457183,619,1378,0.4235294117647059,144,340,0.43342776203966005,153,353
subject_det_to_noun,8,2,0.22496371552975328,310,1378,0.2323529411764706,79,340,0.24362606232294617,86,353
subject_det_to_noun,8,3,0.28592162554426703,394,1378,0.2911764705882353,99,340,0.26345609065155806,93,353
subject_det_to_noun,8,4,0.20682148040638607,285,1378,0.20294117647058824,69,340,0.18413597733711048,65,353
subject_det_to_noun,8,5,0.23076923076923078,318,1378,0.21764705882352942,74,340,0.18413597733711048,65,353
subject_det_to_noun,8,6,0.46153846153846156,636,1378,0.4323529411764706,147,340,0.4164305949008499,147,353
subject_det_to_noun,8,7,0.28011611030478956,386,1378,0.27058823529411763,92,340,0.24362606232294617,86,353
subject_det_to_noun,8,8,0.23149492017416545,319,1378,0.19411764705882353,66,340,0.21529745042492918,76,353
subject_det_to_noun,8,9,0.25181422351233673,347,1378,0.22647058823529412,77,340,0.26062322946175637,92,353
subject_det_to_noun,8,10,0.4709724238026125,649,1378,0.4441176470588235,151,340,0.47592067988668557,168,353
subject_det_to_noun,8,11,0.38243831640058057,527,1378,0.36470588235294116,124,340,0.3286118980169972,116,353
subject_det_to_noun,9,0,0.46734397677793904,644,1378,0.49411764705882355,168,340,0.46742209631728043,165,353
subject_det_to_noun,9,1,0.4716981132075472,650,1378,0.5088235294117647,173,340,0.48158640226628896,170,353
subject_det_to_noun,9,2,0.432510885341074,596,1378,0.38823529411764707,132,340,0.41359773371104813,146,353
subject_det_to_noun,9,3,0.3243831640058055,447,1378,0.3,102,340,0.3314447592067989,117,353
subject_det_to_noun,9,4,0.40130624092888245,553,1378,0.3764705882352941,128,340,0.43059490084985835,152,353
subject_det_to_noun,9,5,0.25471698113207547,351,1378,0.25588235294117645,87,340,0.26912181303116145,95,353
subject_det_to_noun,9,6,0.6364296081277213,877,1378,0.6264705882352941,213,340,0.6628895184135978,234,353
subject_det_to_noun,9,7,0.3432510885341074,473,1378,0.3558823529411765,121,340,0.34844192634560905,123,353
subject_det_to_noun,9,8,0.4339622641509434,598,1378,0.4088235294117647,139,340,0.4164305949008499,147,353
subject_det_to_noun,9,9,0.5783744557329463,797,1378,0.5617647058823529,191,340,0.6062322946175638,214,353
subject_det_to_noun,9,10,0.555878084179971,766,1378,0.5558823529411765,189,340,0.5835694050991501,206,353
subject_det_to_noun,9,11,0.3613933236574746,498,1378,0.35294117647058826,120,340,0.34844192634560905,123,353
subject_det_to_noun,10,0,0.4216255442670537,581,1378,0.4147058823529412,141,340,0.42776203966005666,151,353
subject_det_to_noun,10,1,0.511611030478955,705,1378,0.4970588235294118,169,340,0.5495750708215298,194,353
subject_det_to_noun,10,2,0.5609579100145138,773,1378,0.5264705882352941,179,340,0.56657223796034,200,353
subject_det_to_noun,10,3,0.40130624092888245,553,1378,0.4088235294117647,139,340,0.41359773371104813,146,353
subject_det_to_noun,10,4,0.2409288824383164,332,1378,0.22941176470588234,78,340,0.26912181303116145,95,353
subject_det_to_noun,10,5,0.3076923076923077,424,1378,0.2911764705882353,99,340,0.32294617563739375,114,353
subject_det_to_noun,10,6,0.5355587808417998,738,1378,0.5264705882352941,179,340,0.5042492917847026,178,353
subject_det_to_noun,10,7,0.590711175616836,814,1378,0.5470588235294118,186,340,0.6005665722379604,212,353
subject_det_to_noun,10,8,0.5384615384615384,742,1378,0.4823529411764706,164,340,0.5212464589235127,184,353
subject_det_to_noun,10,9,0.3149492017416546,434,1378,0.2823529411764706,96,340,0.28895184135977336,102,353
subject_det_to_noun,10,10,0.43831640058055155,604,1378,0.43823529411764706,149,340,0.4730878186968839,167,353
subject_det_to_noun,10,11,0.6357039187227866,876,1378,0.6147058823529412,209,340,0.6430594900849859,227,353
subject_det_to_noun,11,0,0.12336719883889695,170,1378,0.09705882352941177,33,340,0.11898016997167139,42,353
subject_det_to_noun,11,1,0.4448476052249637,613,1378,0.4323529411764706,147,340,0.46175637393767704,163,353
subject_det_to_noun,11,2,0.36502177068214803,503,1378,0.34411764705882353,117,340,0.3654390934844193,129,353
subject_det_to_noun,11,3,0.2793904208998549,385,1378,0.27647058823529413,94,340,0.28895184135977336,102,353
subject_det_to_noun,11,4,0.23367198838896952,322,1378,0.21176470588235294,72,340,0.29178470254957506,103,353
subject_det_to_noun,11,5,0.3584905660377358,494,1378,0.38235294117647056,130,340,0.40226628895184136,142,353
subject_det_to_noun,11,6,0.40493468795355586,558,1378,0.36176470588235293,123,340,0.42776203966005666,151,353
subject_det_to_noun,11,7,0.4869375907111756,671,1378,0.5088235294117647,173,340,0.5495750708215298,194,353
subject_det_to_noun,11,8,0.2155297532656023,297,1378,0.2,68,340,0.21246458923512748,75,353
subject_det_to_noun,11,9,0.4629898403483309,638,1378,0.4852941176470588,165,340,0.4985835694050991,176,353
subject_det_to_noun,11,10,0.6103047895500726,841,1378,0.5941176470588235,202,340,0.6005665722379604,212,353
subject_det_to_noun,11,11,0.3584905660377358,494,1378,0.31176470588235294,106,340,0.37960339943342775,134,353
