layer,head,entropy,entropy_norm,entropy_no_sink,sink_mass,n_sentences,diffusion_time
0,0,2.452098726630211,0.8476197081804275,2.531386614739895,0.24300079011358322,400,63
0,1,0.30709519955329595,0.09825631279498338,0.3754595013987273,0.06852036832366139,400,63
0,2,2.5784944796562197,0.8958218812942504,2.5418658497929574,0.12635182466823608,400,63
0,3,0.3454275391995907,0.1237478494271636,0.3091597767546773,0.06318284801905975,400,63
0,4,2.3745556050539016,0.8263262994587421,2.3499980384111403,0.1452734222728759,400,63
0,5,0.5198040163516998,0.17516191989183427,0.5007345940452069,0.1530958510376513,400,63
0,6,2.52261844843626,0.8753146633505822,2.522163473069668,0.18960282612591983,400,63
0,7,1.892558066546917,0.6622011414170266,1.9006638605892658,0.12814976383466273,400,63
0,8,2.5335813167691232,0.878562582731247,2.500668005645275,0.11839179649949073,400,63
0,9,2.674686370790005,0.9273840396106243,2.6783656039834023,0.17462283562868833,400,63
0,10,2.000279092788696,0.6831242560595274,1.9202629868686198,0.0908813012135215,400,63
0,11,2.5546423023939133,0.8912188149988651,2.481058981716633,0.08967944762669504,400,63
1,0,0.9527984175086022,0.3397002524882555,0.9815672731399536,0.07229492661688709,400,63
1,1,0.7225392006337643,0.25837249398231504,0.747529106810689,0.10218384393490851,400,63
1,2,2.0859305416047573,0.7159334007650614,2.4426208940148353,0.3179611950553954,400,63
1,3,2.530062004327774,0.8799093407392502,2.492833828628063,0.05650900812703185,400,63
1,4,1.9576254174113275,0.6870124791562557,1.9200549998879433,0.021212951396009885,400,63
1,5,2.0831336636841296,0.7197412962466478,2.0853726308047773,0.09249552879249677,400,63
1,6,2.0693500980734827,0.7160670516639948,2.097625162303448,0.171006711544469,400,63
1,7,2.4735196366906167,0.8567648015916347,2.4840567991137505,0.186883347928524,400,63
1,8,2.540259416997433,0.8802271331846714,2.5049601861834527,0.05255495039862581,400,63
1,9,2.4956755301356317,0.8629389600455761,2.470287947356701,0.15369304646970705,400,63
1,10,2.273068231344223,0.8017146352678537,2.4767803770303725,0.2578574656858109,400,63
1,11,0.5055100219184533,0.1705010266019963,0.5319347346760332,0.08520610634004697,400,63
2,0,1.2785472825169564,0.4480609458684921,1.2824209780991078,0.10660153402975993,400,63
2,1,0.418253067843616,0.13703105250373482,1.8813391218334437,0.8805823192000389,400,63
2,2,0.1874817148409784,0.07114972961135209,0.18165884041693062,0.0031766326167735315,400,63
2,3,0.5993984063714742,0.2083507460914552,0.7139611927419901,0.1384948922181502,400,63
2,4,0.9278025244921446,0.32315609775483606,1.0473222344368696,0.0633276380575262,400,63
2,5,0.10729499873181339,0.03836343946895795,0.16864751783199608,0.12178232657257468,400,63
2,6,1.5255406400561333,0.5285897173732519,1.7062448000907897,0.15878142973873766,400,63
2,7,1.7945699537545443,0.6041236206516624,1.8637706862390042,0.08522809636313468,400,63
2,8,0.8145765959471464,0.2827740465849638,0.9277934351563454,0.1565033298265189,400,63
2,9,1.0623545154929162,0.3690295347943902,1.2212943576276303,0.15600712317973375,400,63
2,10,0.6891144684003666,0.23351955143385567,0.7929179608076811,0.06493682037573308,400,63
2,11,0.7295559627190232,0.2456374458782375,2.210857690572739,0.8139904332906007,400,63
3,0,0.870146503970027,0.30040503468364477,0.8067437840998173,0.30715704078786077,400,63
3,1,1.2343685335665942,0.4185896522179246,1.5945755843818188,0.515213166764006,400,63
3,2,0.19614873949438333,0.07362603520974517,0.19272693729959428,0.06294975603319472,400,63
3,3,0.334362440854311,0.11708703709766269,0.8417615469545126,0.862048537582159,400,63
3,4,1.3435195398330688,0.4500255077332258,2.1519911048561333,0.6248651185631752,400,63
3,5,0.5061834091320634,0.16465291847474872,2.1298478097468614,0.8614484571665525,400,63
3,6,1.01215786524117,0.3540138791501522,1.0158986422419547,0.3468838261719793,400,63
3,7,0.5759233171120286,0.19934208128601313,0.906594741716981,0.6962568575702608,400,63
3,8,0.8747897583246231,0.2994023897871375,0.9997131861746311,0.4585224329587072,400,63
3,9,0.6062899911776185,0.20298073360696434,1.1911779759824277,0.714621234536171,400,63
3,10,1.482635769918561,0.5063520384207368,1.7156272332370281,0.29770192207419316,400,63
3,11,0.9202990894019604,0.31202831149101257,1.265097026526928,0.5041590364743024,400,63
4,0,0.4141707827150822,0.14089242096059024,1.0307596775889396,0.8392434003949165,400,63
4,1,1.1027628856152296,0.38075139082968235,1.1504275916516782,0.3747593929152936,400,63
4,2,0.7808121954277157,0.2591959290392697,2.18481719866395,0.8067493589967489,400,63
4,3,0.508743562400341,0.16735466996207835,1.3958654250204563,0.8144918019324541,400,63
4,4,0.7882722386717796,0.27889328248798845,0.5276083352789283,0.3816563710011542,400,63
4,5,0.5313095500692725,0.18034508772194385,1.1827372144162656,0.8110642272233963,400,63
4,6,0.6022630304843187,0.19725572211667897,2.0281774608790872,0.8378378384560347,400,63
4,7,1.3225760930776596,0.46490578263998034,1.178913158774376,0.30250202510505914,400,63
4,8,0.8549699746072292,0.28642985435202717,2.0849046011269095,0.7765996252000332,400,63
4,9,0.3681326449662447,0.12278043939732015,1.6027280743420125,0.8846004702150821,400,63
4,10,0.5126249331235886,0.16990080840885638,2.070659912079573,0.8692607587575912,400,63
4,11,0.15841387454420328,0.06108786331722513,0.15198747775517404,0.056100863185955634,400,63
5,0,0.7590938450396061,0.27199745319783686,0.6625837452709675,0.07403447849297663,400,63
5,1,0.5139709674194455,0.18326484167948365,0.25841815561056136,0.3442622686829418,400,63
5,2,0.43230800453573465,0.14079761770553886,1.4864978118240832,0.8582647325098515,400,63
5,3,1.2420146832615138,0.4122037072852254,1.743895835876465,0.5580970236286521,400,63
5,4,0.5428599228337407,0.17869360689073802,1.225558828562498,0.8099175681173801,400,63
5,5,0.8284082204848527,0.29504393562674525,0.6180200319737196,0.40501656105741857,400,63
5,6,0.6649132940173149,0.23849110286682845,0.45499135680496694,0.36468184415251015,400,63
5,7,0.2881037903949618,0.09914112699218094,1.5008507396280766,0.9004215711355209,400,63
5,8,0.2520287146791816,0.08798204846680165,1.22639444693923,0.9134840930998326,400,63
5,9,1.6702432657033206,0.5695256286486984,2.195695881098509,0.5171190971881151,400,63
5,10,1.5321533672511578,0.526588364765048,1.4859787029772997,0.2484341777767986,400,63
5,11,0.7204562203586101,0.24869752138853074,1.7556545493006706,0.7965514127910137,400,63
6,0,0.7000263597816229,0.2286277843825519,1.2877616894245147,0.7416698000952602,400,63
6,1,0.6740811388939619,0.23010266767814755,1.1347435880452394,0.7382945112884045,400,63
6,2,1.3851810087263585,0.4639998957142234,2.3085619957745074,0.6388676085323095,400,63
6,3,0.39948160108178854,0.13323353553190828,1.9391895647346973,0.886823373734951,400,63
6,4,1.5639819106459618,0.5285740823671222,2.083289283066988,0.5228601104766131,400,63
6,5,1.0615481390804051,0.36131334856152536,1.5770577646791935,0.6541181513667107,400,63
6,6,0.7860388699918985,0.26926934860646723,1.8131234189867973,0.7884778280556202,400,63
6,7,0.6866512098163366,0.2216729580424726,1.8882932095229625,0.800180928260088,400,63
6,8,0.8646514971554279,0.3053014828637242,0.6392763864994049,0.2954409769177437,400,63
6,9,0.5578680005669594,0.20024792749434708,0.33580635402351616,0.2349458219110966,400,63
6,10,0.6504350221902132,0.21092359466478228,1.6264298713207246,0.7997512547671795,400,63
6,11,0.5505575806647539,0.17930172042921186,1.287841850668192,0.8070277687907219,400,63
7,0,0.6498472934961319,0.22742853313684464,0.8357695661485195,0.7315662445873022,400,63
7,1,1.2686765857040883,0.4430789204314351,1.5464248833060266,0.519815642349422,400,63
7,2,0.3911712132394314,0.14313064366579056,0.24340279299765824,0.803905990049243,400,63
7,3,0.5798714641109108,0.19212226340547203,1.7268457160890103,0.8368632587790489,400,63
7,4,0.29899198535829785,0.10531269110739232,1.6755945405364037,0.9103815971314907,400,63
7,5,0.3168326487764716,0.10864536974579096,1.9584622977674007,0.9085536390542984,400,63
7,6,0.7078519561886787,0.24170716285705565,2.28357316121459,0.8331149388104677,400,63
7,7,0.5510177381336689,0.18130834405310453,1.1550496262311936,0.7890268892794847,400,63
7,8,0.3105374729633331,0.10882911696098745,1.6699175345897674,0.9042273077368737,400,63
7,9,0.4562469770386815,0.14984331022948028,1.6204976819455623,0.8636606562137604,400,63
7,10,0.5458727728575468,0.19421523867174983,0.5289035093784332,0.6866223397105933,400,63
7,11,1.2526683551818132,0.4321675451844931,1.5104128868877889,0.5296376645565033,400,63
8,0,1.399490059837699,0.47815660677850247,2.142177677452564,0.616978722140193,400,63
8,1,0.27858769917860626,0.09536918661091477,0.8434312135726213,0.8606755313277245,400,63
8,2,1.014740552008152,0.34890566367655995,2.1662601508200168,0.7322419475764036,400,63
8,3,0.4791005525365472,0.1571575573924929,1.3397516809403895,0.8289863476157189,400,63
8,4,0.420129181034863,0.1433381930179894,1.6526119349896908,0.8752937288582325,400,63
8,5,0.711054892912507,0.23224051309749483,1.6335012835264207,0.7769985075294972,400,63
8,6,0.6147118424344807,0.21179151739459484,0.5833168634772301,0.50140540253371,400,63
8,7,0.8766035730391741,0.3011126698181033,1.0365280436724424,0.6193389911949635,400,63
8,8,0.3044681799598038,0.1019282934628427,1.6261071209609508,0.8953219874203205,400,63
8,9,0.42019295554608105,0.14022340048104526,1.7754866415262223,0.8765950201451779,400,63
8,10,0.5716370775178075,0.1944165413826704,1.7881667801737786,0.8431588877737523,400,63
8,11,0.5341290582716465,0.18811826836317777,1.9437300166487694,0.847734227180481,400,63
9,0,0.841921855211258,0.29556102722883226,1.5374333805590867,0.7340668868273497,400,63
9,1,0.9467799825966359,0.336725786998868,1.4265391947329045,0.6326477773487568,400,63
9,2,0.8386555653810501,0.2921134724095464,1.7375471866875887,0.7487280747294426,400,63
9,3,0.56252626250498,0.17976366492221132,1.3093834231048822,0.7681975319236517,400,63
9,4,0.5435021269321442,0.189031445030123,1.227580030411482,0.7927232966572046,400,63
9,5,0.6654319223761559,0.22670081127434968,2.0915649898350237,0.8383184987306594,400,63
9,6,0.36683478869497776,0.12694241642951964,1.3516842517256737,0.8965721943974495,400,63
9,7,0.6078886729478836,0.2120661174505949,1.9946640752255917,0.8411523325741291,400,63
9,8,0.5840734817460179,0.19804864265024663,1.5534645538032055,0.8234711884707212,400,63
9,9,0.49163769602775576,0.16908726843073965,1.2555645851790904,0.8481621697545052,400,63
9,10,0.11321403848007322,0.03838586903992109,0.9695329531654715,0.9180650524795055,400,63
9,11,0.45033181097358466,0.1601742952875793,1.7031952157616614,0.8594542805850506,400,63
10,0,0.6381663963198662,0.217445802600123,1.2549561335518957,0.7834861581772565,400,63
10,1,0.7369257643818855,0.25503350725397467,1.189121051877737,0.698001750856638,400,63
10,2,0.9714344049245119,0.33918595898896453,1.4471070303022862,0.649398939087987,400,63
10,3,1.0715297312662004,0.36779595822095873,1.5771908029913901,0.6342061494290828,400,63
10,4,1.6178812120854855,0.5655888972058892,1.8330035462975502,0.3686476801335812,400,63
10,5,0.1479882128877216,0.04781142643521889,1.5775475209951402,0.9100899800658226,400,63
10,6,0.7544701571576298,0.2584807543177158,1.3114255175366998,0.7215531732141972,400,63
10,7,0.1258371985750273,0.04495414384640753,1.33939002931118,0.9280095416307449,400,63
10,8,1.113124014735222,0.39016860984265805,1.3939827819168569,0.5368501760065556,400,63
10,9,0.83058868072927,0.2940695641934872,1.1598383426666259,0.6377244474738837,400,63
10,10,0.5801256968826055,0.2027924497425556,1.3411009015142918,0.8099560806900263,400,63
10,11,1.23155732691288,0.4368319374322891,1.4600820476561784,0.42653221569955346,400,63
11,0,2.045199566334486,0.7065681596845388,2.1673530587553977,0.2513532428443432,400,63
11,1,1.3979662750661372,0.4905385138094425,1.5995113949477673,0.3847250577621162,400,63
11,2,0.904990020468831,0.3164543130621314,1.6451427234709264,0.6972791175544262,400,63
11,3,1.4654381102323533,0.519281889796257,1.8313680958747864,0.4244054020382464,400,63
11,4,1.4800118307769299,0.5132342648506164,1.4448139825463295,0.20929743158631026,400,63
11,5,1.2537295410782099,0.4371792349219322,1.205058611407876,0.18776050345040857,400,63
11,6,1.1287946131080389,0.39547794926911595,1.532207480892539,0.5341041138023138,400,63
11,7,1.3434406095743179,0.4722095724195242,1.4762830549478532,0.3438708817586303,400,63
11,8,0.8639511405676603,0.29846002120524645,0.865292237624526,0.062171846353448926,400,63
11,9,1.217872853577137,0.42806127563118934,1.3092673449218273,0.3584540006238967,400,63
11,10,1.028290818333626,0.3616131890565157,1.0087925927527248,0.3121168139949441,400,63
11,11,1.3369547265768051,0.46975656066089866,1.556788281649351,0.39593721805140375,400,63
