treebank,timestep,normalized_progress,depth,position_state,top1,top5,mrr,mean_rank,n_positions,n_seeds
UD_English-EWT,0,0.0,0,masked,0.0,6.486766995329527e-05,0.0002085530251557801,14376.204462895692,46248,3
UD_English-EWT,0,0.0,0,visible,0.0,0.0,3.125e-05,32000.0,2196,3
UD_English-EWT,0,0.0,1,masked,0.0,0.0,0.0017107900159206713,7788.952970939284,46248,3
UD_English-EWT,0,0.0,1,visible,0.03415300546448088,0.9877049180327869,0.3946948998178506,2.8346994535519126,2196,3
UD_English-EWT,0,0.0,2,masked,6.486766995329527e-05,0.00012973533990659055,0.0008459984704917662,9584.133822003114,46248,3
UD_English-EWT,0,0.0,2,visible,0.0,0.0,0.0001312486423015838,7622.09699453552,2196,3
UD_English-EWT,0,0.0,3,masked,0.0,6.486766995329527e-05,0.0007867251360449097,10403.52672548002,46248,3
UD_English-EWT,0,0.0,3,visible,0.0,0.0,0.00012725845725593786,7861.401639344263,2196,3
UD_English-EWT,0,0.0,4,masked,0.0,0.0006486766995329528,0.002080835089766031,9555.420277633628,46248,3
UD_English-EWT,0,0.0,4,visible,0.0,0.0,0.0001284914363923103,7786.542349726776,2196,3
UD_English-EWT,0,0.0,5,masked,0.0,0.0007784120394395433,0.002730335404733084,8126.266216917488,46248,3
UD_English-EWT,0,0.0,5,visible,0.0,0.0,0.00012370885320230497,8088.811475409836,2196,3
UD_English-EWT,0,0.0,6,masked,6.486766995329527e-05,0.00019460300985988584,0.0023841091685381623,7557.214517384536,46248,3
UD_English-EWT,0,0.0,6,visible,0.0,0.0,0.00012385305481659383,8078.6598360655735,2196,3
UD_English-EWT,0,0.0,7,masked,6.486766995329527e-05,0.00934094447327452,0.007256769727876244,7036.336274001038,46248,3
UD_English-EWT,0,0.0,7,visible,0.0,0.0,0.00012538261103662004,7979.295081967214,2196,3
UD_English-EWT,0,0.0,8,masked,6.486766995329527e-05,0.00012973533990659055,0.0006272449833665847,9102.4019849507,46248,3
UD_English-EWT,0,0.0,8,visible,0.0,0.0,0.00012864510259718995,7783.061475409836,2196,3
UD_English-EWT,0,0.0,9,masked,6.486766995329527e-05,0.0002594706798131811,0.0012550612469374681,8178.926115723923,46248,3
UD_English-EWT,0,0.0,9,visible,0.0,0.0,0.0001299315130184375,7713.780054644809,2196,3
UD_English-EWT,0,0.0,10,masked,6.486766995329527e-05,0.0034379865075246496,0.005249218110969287,6038.352361183187,46248,3
UD_English-EWT,0,0.0,10,visible,0.0,0.0,0.00013012194537360212,7711.493169398908,2196,3
UD_English-EWT,0,0.0,11,masked,6.486766995329527e-05,0.00019460300985988584,0.0013032487565136006,7106.208549558901,46248,3
UD_English-EWT,0,0.0,11,visible,0.0,0.0,0.00013539734199601898,7427.245901639344,2196,3
UD_English-EWT,0,0.0,12,masked,6.486766995329527e-05,0.0002594706798131811,0.0016144453090305953,6462.022119875454,46248,3
UD_English-EWT,0,0.0,12,visible,0.0,0.0,0.00013843782793031414,7280.437158469945,2196,3
UD_English-EWT,0,0.0,13,masked,6.486766995329527e-05,0.00012973533990659055,0.0013042236244984798,6867.285936689154,46248,3
UD_English-EWT,0,0.0,13,visible,0.0,0.0,0.00013810743659081797,7300.725409836065,2196,3
UD_English-EWT,0,0.0,14,masked,6.486766995329527e-05,0.00012973533990659055,0.0011551615998762021,6862.113842760768,46248,3
UD_English-EWT,0,0.0,14,visible,0.0,0.0,0.00013977633761077645,7222.064207650274,2196,3
UD_English-EWT,0,0.0,15,masked,6.486766995329527e-05,0.00019460300985988584,0.0013966155626090263,6569.465620134924,46248,3
UD_English-EWT,0,0.0,15,visible,0.0,0.0,0.00014306706043505201,7075.285519125683,2196,3
UD_English-EWT,0,0.0,16,masked,0.0,0.0,0.00043748031991681615,9057.80611053451,46248,3
UD_English-EWT,0,0.0,16,visible,0.0,0.0,0.00014227554753920303,7127.562841530055,2196,3
UD_English-EWT,0,0.0,17,masked,0.0,0.0,0.0007243846578806182,7942.5880254281265,46248,3
UD_English-EWT,0,0.0,17,visible,0.0,0.0,0.00015354189879949047,6594.946721311476,2196,3
UD_English-EWT,0,0.0,18,masked,0.0,0.0,0.0012869520191885458,7065.51478982875,46248,3
UD_English-EWT,0,0.0,18,visible,0.0,0.0,0.0001493255171384303,6765.114754098361,2196,3
UD_English-EWT,0,0.0,19,masked,0.0,0.0,0.0019573431487659877,6171.84814478464,46248,3
UD_English-EWT,0,0.0,19,visible,0.0,0.0,0.00014622449298894245,6898.098360655737,2196,3
UD_English-EWT,0,0.0,20,masked,0.0,0.0,0.001493296055880902,6773.990788790867,46248,3
UD_English-EWT,0,0.0,20,visible,0.0,0.0,0.00014712291226176,6842.00956284153,2196,3
UD_English-EWT,0,0.0,21,masked,0.0,0.0,0.0025515980525021745,6057.043785677219,46248,3
UD_English-EWT,0,0.0,21,visible,0.0,0.0,0.0001439597478168825,6986.3005464480875,2196,3
UD_English-EWT,0,0.0,22,masked,0.0,0.0,0.0018641475258036027,6549.331927867151,46248,3
UD_English-EWT,0,0.0,22,visible,0.0,0.0,0.00014540612538158123,6914.472677595629,2196,3
UD_English-EWT,0,0.0,23,masked,0.0,0.0,0.0014456492367920174,6932.890243902439,46248,3
UD_English-EWT,0,0.0,23,visible,0.0,0.0,0.0001474072664045256,6826.896174863388,2196,3
UD_English-EWT,0,0.0,24,masked,0.0,0.0,0.0015622582486306397,6706.492151011936,46248,3
UD_English-EWT,0,0.0,24,visible,0.0,0.0,0.00015210636895737634,6619.170765027321,2196,3
UD_English-EWT,0,0.0,25,masked,0.0,0.0,0.0015735624191597231,6775.2904774260505,46248,3
UD_English-EWT,0,0.0,25,visible,0.0,0.0,0.00015443842192666796,6516.9057377049185,2196,3
UD_English-EWT,0,0.0,26,masked,0.0,0.0,0.0016376026310870309,6506.663401660612,46248,3
UD_English-EWT,0,0.0,26,visible,0.0,0.0,0.0001545298946241787,6513.4713114754095,2196,3
UD_English-EWT,0,0.0,27,masked,0.0,0.0007784120394395433,0.0036284880087358584,5279.635962636222,46248,3
UD_English-EWT,0,0.0,27,visible,0.0,0.0,0.00014728081288372614,6822.879781420765,2196,3
UD_English-EWT,0,0.0,28,masked,0.00012973533990659055,0.0024001037882719254,0.007180798378431152,4677.391541255838,46248,3
UD_English-EWT,0,0.0,28,visible,0.0,0.0,0.0001595890836807805,6293.439890710382,2196,3
UD_English-EWT,0,0.0,29,masked,0.0,0.03470420342501297,0.02127850576485386,3593.4216398546964,46248,3
UD_English-EWT,0,0.0,29,visible,0.0,0.0,0.0001746165671163763,5745.314207650274,2196,3
UD_English-EWT,0,0.0,30,masked,0.013492475350285417,0.07634924753502854,0.05029829043047554,2581.6905812143227,46248,3
UD_English-EWT,0,0.0,30,visible,0.0,0.0,0.00013941014417379055,7191.46174863388,2196,3
UD_English-EWT,0,0.0,31,masked,0.03035806953814219,0.10515049299429165,0.07591418373997408,1911.490334717177,46248,3
UD_English-EWT,0,0.0,31,visible,0.0,0.0,4.633671787271256e-05,21612.464480874318,2196,3
UD_English-EWT,0,0.0,32,masked,0.022314478463933574,0.11046964193046187,0.07321094778798788,1619.0098598858328,46248,3
UD_English-EWT,0,0.0,32,visible,0.0,0.0,4.6855395099850194e-05,21498.33606557377,2196,3
UD_English-EWT,16,0.25,0,masked,0.0,0.00010555531393532447,0.00023012809186698203,14378.247002813563,28584,3
UD_English-EWT,16,0.25,0,visible,0.00010883201559024396,0.00020626487128550309,0.00038494620328737364,25709.060535255205,19860,3
UD_English-EWT,16,0.25,1,masked,0.0,3.356831151393085e-05,0.0011582732352339797,7413.058234703191,28584,3
UD_English-EWT,16,0.25,1,visible,0.00016243982088669513,0.034851686717689456,0.014996190103824213,17935.30597476344,19860,3
UD_English-EWT,16,0.25,2,masked,0.0001775423163567181,0.0018775732507975438,0.0031094669626252174,6645.3653558877295,28584,3
UD_English-EWT,16,0.25,2,visible,0.0,0.0003279572675842837,0.0004704344126331622,16701.834300250423,19860,3
UD_English-EWT,16,0.25,3,masked,0.0004222212557412979,0.001650466332057729,0.0023515981553763484,7403.206135752465,28584,3
UD_English-EWT,16,0.25,3,visible,0.00020788127628284473,0.0010474175471307354,0.000994987475531771,16922.973452740607,19860,3
UD_English-EWT,16,0.25,4,masked,0.0004624524761272621,0.001694943755344391,0.002451402877441068,8222.571139782383,28584,3
UD_English-EWT,16,0.25,4,visible,0.0008411526758452323,0.004069594197221502,0.003053637382594225,14438.930047532614,19860,3
UD_English-EWT,16,0.25,5,masked,0.000996287778183084,0.002335542724321205,0.002765058762502138,9681.2254409961,28584,3
UD_English-EWT,16,0.25,5,visible,0.0028240781287055656,0.009318236276953953,0.006863237202880952,12492.362635028398,19860,3
UD_English-EWT,16,0.25,6,masked,0.001409666218783916,0.0037316463256581514,0.0037749877634429166,9368.88906230212,28584,3
UD_English-EWT,16,0.25,6,visible,0.0051722359546460305,0.015008277345755576,0.011253307572350338,10418.550647565002,19860,3
UD_English-EWT,16,0.25,7,masked,0.0017893531578040813,0.004991393416856248,0.004687160828048838,8907.899741378418,28584,3
UD_English-EWT,16,0.25,7,visible,0.0077967543411528424,0.019746129808786764,0.014914197519919575,9606.93827554235,19860,3
UD_English-EWT,16,0.25,8,masked,0.0017790482225241838,0.0056523654566899536,0.004615402459677909,9759.07672705759,28584,3
UD_English-EWT,16,0.25,8,visible,0.00918529990494398,0.02433717008908311,0.017431016001809366,9553.701674511472,19860,3
UD_English-EWT,16,0.25,9,masked,0.0014233594133179137,0.0045196245261827145,0.0040610202940227725,9759.689520467999,28584,3
UD_English-EWT,16,0.25,9,visible,0.00930699230124276,0.021662205848004337,0.016882048887940856,9287.7063367058,19860,3
UD_English-EWT,16,0.25,10,masked,0.0012310291590776972,0.005730534381557284,0.0048018413944428675,8763.548330107335,28584,3
UD_English-EWT,16,0.25,10,visible,0.008956236713868505,0.02411094501472115,0.017745822795008585,8292.005200554764,19860,3
UD_English-EWT,16,0.25,11,masked,0.0017717811371593167,0.0056059618942886245,0.004899970945371101,9317.25014181019,28584,3
UD_English-EWT,16,0.25,11,visible,0.009098871515862531,0.0227747012195967,0.017349944194223785,9168.274266900065,19860,3
UD_English-EWT,16,0.25,12,masked,0.0023319176653642023,0.007935445886230628,0.0067776610608956366,8558.72382840844,28584,3
UD_English-EWT,16,0.25,12,visible,0.010122184706573535,0.025228373926219138,0.018964766053790296,8601.18589717423,19860,3
UD_English-EWT,16,0.25,13,masked,0.0025413293733925167,0.007895074508327068,0.006574249448876609,8794.850989676945,28584,3
UD_English-EWT,16,0.25,13,visible,0.008909178853475015,0.024372983973765406,0.01749512213357662,9949.838735646154,19860,3
UD_English-EWT,16,0.25,14,masked,0.003261436197309356,0.008739753819512567,0.0074054276929251825,9223.971386729669,28584,3
UD_English-EWT,16,0.25,14,visible,0.01028116567401156,0.02643523799333927,0.019283956810915295,10861.88088677428,19860,3
UD_English-EWT,16,0.25,15,masked,0.0036294792709769277,0.010136715364496111,0.00844339669470213,8886.419676899573,28584,3
UD_English-EWT,16,0.25,15,visible,0.009615384059031756,0.026910608418639403,0.01920025435545942,10741.81887462209,19860,3
UD_English-EWT,16,0.25,16,masked,0.00398844272980113,0.012164067585361876,0.00980737149185045,8649.202302946473,28584,3
UD_English-EWT,16,0.25,16,visible,0.009902819945482111,0.02717378476448624,0.01946086396670284,12117.744013938494,19860,3
UD_English-EWT,16,0.25,17,masked,0.007467154509976208,0.02454774778482637,0.018246615566935295,7404.085078664582,28584,3
UD_English-EWT,16,0.25,17,visible,0.013289007256936844,0.03861804684884592,0.027661652232397513,9263.41954459942,19860,3
UD_English-EWT,16,0.25,18,masked,0.009369313099629621,0.03041287188687672,0.022795669235381667,6932.42452952572,28584,3
UD_English-EWT,16,0.25,18,visible,0.013579534234841489,0.04614368453770562,0.03171728776337315,7939.372612535095,19860,3
UD_English-EWT,16,0.25,19,masked,0.010522076691654683,0.03566376611590277,0.0265928899628546,6486.745259172738,28584,3
UD_English-EWT,16,0.25,19,visible,0.01628021923733734,0.05310251901300791,0.036771395259672546,8068.719118164231,19860,3
UD_English-EWT,16,0.25,20,masked,0.010812678207014495,0.03785919669404109,0.027868632631693008,6550.956507393206,28584,3
UD_English-EWT,16,0.25,20,visible,0.018237113560413017,0.05997210044815864,0.04105798694536333,7525.8007232406335,19860,3
UD_English-EWT,16,0.25,21,masked,0.01108245001956247,0.0413815449213071,0.03010944752775947,5843.257277119262,28584,3
UD_English-EWT,16,0.25,21,visible,0.024838571644167903,0.08336875823233635,0.055602794334543404,6536.710322768457,19860,3
UD_English-EWT,16,0.25,22,masked,0.011903848987063073,0.041665631072332766,0.031725982129328985,5629.231498598743,28584,3
UD_English-EWT,16,0.25,22,visible,0.024418270244977766,0.08206509551189951,0.05502616435976467,6646.522692326638,19860,3
UD_English-EWT,16,0.25,23,masked,0.012646982387511045,0.04800195382346554,0.03536459255776102,5175.914498025138,28584,3
UD_English-EWT,16,0.25,23,visible,0.024582171286678015,0.08490010724794868,0.05632319382368617,6208.258706933684,19860,3
UD_English-EWT,16,0.25,24,masked,0.014878195118333453,0.05205112403457627,0.03886134602696948,5185.22117092566,28584,3
UD_English-EWT,16,0.25,24,visible,0.019921274826198206,0.07365901894342021,0.04871579252332559,6773.603628486083,19860,3
UD_English-EWT,16,0.25,25,masked,0.015068459075941405,0.05791060768338993,0.041400945201195,4908.865067596904,28584,3
UD_English-EWT,16,0.25,25,visible,0.01618618784146395,0.06739569557542845,0.044100388723365275,6503.569177200613,19860,3
UD_English-EWT,16,0.25,26,masked,0.01661313329436091,0.06281754622372732,0.04492514319604191,4738.106161825458,28584,3
UD_English-EWT,16,0.25,26,visible,0.013838100874793681,0.05685757966646202,0.038742097112062536,6408.203593149607,19860,3
UD_English-EWT,16,0.25,27,masked,0.017681425042416248,0.07275659996816358,0.05014644320367915,3967.932505541492,28584,3
UD_English-EWT,16,0.25,27,visible,0.010114328725040813,0.04923095247790141,0.03375728460194204,5481.523966249501,19860,3
UD_English-EWT,16,0.25,28,masked,0.021181807501598898,0.0896245068853675,0.06065620143811163,3552.688793800439,28584,3
UD_English-EWT,16,0.25,28,visible,0.007039850306283357,0.03950651035982542,0.0281653252604215,4978.448512398921,19860,3
UD_English-EWT,16,0.25,29,masked,0.021195387086496726,0.10010549441298962,0.06544844700501895,2991.3376342578135,28584,3
UD_English-EWT,16,0.25,29,visible,0.007051559834545921,0.03409474315931168,0.02689930802419566,4437.352349537353,19860,3
UD_English-EWT,16,0.25,30,masked,0.02267036043137914,0.10675714417585568,0.07086338973485051,2514.4945379832684,28584,3
UD_English-EWT,16,0.25,30,visible,0.008135101634726532,0.03398589767807803,0.02756921615080687,3962.5626073458893,19860,3
UD_English-EWT,16,0.25,31,masked,0.032433701356388046,0.14711128584174907,0.09477507807766923,1563.8215850276436,28584,3
UD_English-EWT,16,0.25,31,visible,0.0065709455009725845,0.029198078378669643,0.024584045274906475,4300.76147796354,19860,3
UD_English-EWT,16,0.25,32,masked,0.048100937677104126,0.17799513357634658,0.11679304680010083,752.8247105364339,28584,3
UD_English-EWT,16,0.25,32,visible,0.0060641448534308065,0.02214820580839126,0.019552062726564946,4055.302376086496,19860,3
UD_English-EWT,32,0.5,0,masked,0.0,5.121114354483536e-05,0.00022099565052170812,14368.959416218657,18932,3
UD_English-EWT,32,0.5,0,visible,6.626138925348922e-05,0.00027588194775148765,0.00039885193403132053,25390.369505834078,29512,3
UD_English-EWT,32,0.5,1,masked,0.0,5.121114354483536e-05,0.0009602572273271956,7891.703668281144,18932,3
UD_English-EWT,32,0.5,1,visible,0.00010084312318162836,0.009811914894273107,0.0067562237215845165,18724.03284478887,29512,3
UD_English-EWT,32,0.5,2,masked,0.0002165799396766552,0.0014172649553744665,0.003101165778993499,7114.4920567949675,18932,3
UD_English-EWT,32,0.5,2,visible,3.564681139272092e-05,0.00047389419183832977,0.0005661036444594556,16545.013944468647,29512,3
UD_English-EWT,32,0.5,3,masked,0.00020050477446155045,0.001466306199060406,0.002005575726532339,8175.756863232625,18932,3
UD_English-EWT,32,0.5,3,visible,0.00010190820064621014,0.0011487027063662907,0.0009766685035216423,17217.701697803528,29512,3
UD_English-EWT,32,0.5,4,masked,0.00041925461399710114,0.0014582686164528538,0.002044933200517296,9068.08491027812,18932,3
UD_English-EWT,32,0.5,4,visible,0.0007273890276547471,0.003362198697651309,0.0026740683040454975,15039.050207805813,29512,3
UD_English-EWT,32,0.5,5,masked,0.0013207103510334524,0.0033716399602227803,0.0031890758914546492,10302.972136641194,18932,3
UD_English-EWT,32,0.5,5,visible,0.0024231165497830168,0.008187052169533237,0.006061267539535329,13247.44071113498,29512,3
UD_English-EWT,32,0.5,6,masked,0.001812233090336314,0.004297138326919578,0.004406471680752537,9849.231216668066,18932,3
UD_English-EWT,32,0.5,6,visible,0.0043586004383873835,0.012068212436683974,0.009241796902602182,11201.450962627561,29512,3
UD_English-EWT,32,0.5,7,masked,0.002374271635673444,0.007031242119225139,0.0059505652012198955,9346.077680948663,18932,3
UD_English-EWT,32,0.5,7,visible,0.005562434989478677,0.0147082399563042,0.011079540056646209,10482.79806997731,29512,3
UD_English-EWT,32,0.5,8,masked,0.002670688997647979,0.007081342960326511,0.00581756890857132,10176.406366852503,18932,3
UD_English-EWT,32,0.5,8,visible,0.006398250705445221,0.01705154226358512,0.012615416467028231,10779.66322310459,29512,3
UD_English-EWT,32,0.5,9,masked,0.0019200547745592085,0.005661092357052523,0.004661220875335918,10365.514236047171,18932,3
UD_English-EWT,32,0.5,9,visible,0.00629456309687442,0.016038322007542214,0.012183416799785032,10231.205646859065,29512,3
UD_English-EWT,32,0.5,10,masked,0.001680889970090762,0.005991117814325923,0.005248272463119337,9354.767679304898,18932,3
UD_English-EWT,32,0.5,10,visible,0.006452668219710214,0.016945010169625147,0.012756730325862534,9298.087416636852,29512,3
UD_English-EWT,32,0.5,11,masked,0.0019916808830369396,0.007133908255689617,0.00575378952789372,9549.95431885831,18932,3
UD_English-EWT,32,0.5,11,visible,0.006540123620556095,0.016610743551541296,0.0127430112466679,9935.636206123834,29512,3
UD_English-EWT,32,0.5,12,masked,0.0033532211639361836,0.009443705499290045,0.007966355291352995,8711.522189224468,18932,3
UD_English-EWT,32,0.5,12,visible,0.007191665561776118,0.018679579735539884,0.014255874959433599,9402.880511504456,29512,3
UD_English-EWT,32,0.5,13,masked,0.0038911469614506563,0.010585385638210274,0.008605842291092836,8770.755731508352,18932,3
UD_English-EWT,32,0.5,13,visible,0.0063806026732511475,0.01777289157345695,0.01313503340759077,10690.2812721397,29512,3
UD_English-EWT,32,0.5,14,masked,0.005199948215774199,0.012377030032401098,0.010196987717916703,9068.014709682908,18932,3
UD_English-EWT,32,0.5,14,visible,0.007971519916130418,0.02055928787862372,0.015262208386614802,11310.272538488565,29512,3
UD_English-EWT,32,0.5,15,masked,0.005880484213416105,0.015789326191277073,0.012509790165039206,8718.376880568727,18932,3
UD_English-EWT,32,0.5,15,visible,0.0072447747892711994,0.021381365125249945,0.014897108507251603,11513.021564383556,29512,3
UD_English-EWT,32,0.5,16,masked,0.007220967512554423,0.019231706393774747,0.014964376818892707,8399.104227503869,18932,3
UD_English-EWT,32,0.5,16,visible,0.00713866387198028,0.021586482164584284,0.015404440842264657,12840.190636898828,29512,3
UD_English-EWT,32,0.5,17,masked,0.011725414867915075,0.038742972731156476,0.027892394122420394,6982.722207079546,18932,3
UD_English-EWT,32,0.5,17,visible,0.010805650116983733,0.03171352174188555,0.022964387076372567,9766.899505400515,29512,3
UD_English-EWT,32,0.5,18,masked,0.015292507667891373,0.04622216586129397,0.034309404840753295,6532.32741539405,18932,3
UD_English-EWT,32,0.5,18,visible,0.010466408858581544,0.037189195175799494,0.025944780006809835,8527.635306200646,29512,3
UD_English-EWT,32,0.5,19,masked,0.018705619574807975,0.056796699797215446,0.041116150607684955,6152.224790420355,18932,3
UD_English-EWT,32,0.5,19,visible,0.012428833322770267,0.04368658002616624,0.03002775128961625,8745.473630896178,29512,3
UD_English-EWT,32,0.5,20,masked,0.02098252085809978,0.06189538893636579,0.04553981334259289,5979.762925054,18932,3
UD_English-EWT,32,0.5,20,visible,0.013813746416214336,0.04874842345752756,0.033360721255307126,8022.87413807915,29512,3
UD_English-EWT,32,0.5,21,masked,0.02073460633603354,0.06789525646828952,0.04954313060679849,5288.930929732301,18932,3
UD_English-EWT,32,0.5,21,visible,0.017674414165781825,0.0663209793671488,0.04410393047901712,6829.842652697677,29512,3
UD_English-EWT,32,0.5,22,masked,0.020839198522982105,0.07150463696300025,0.05175402967436412,5068.939299933459,18932,3
UD_English-EWT,32,0.5,22,visible,0.01678524601301487,0.06570569867881025,0.043570253621624144,6873.664488377333,29512,3
UD_English-EWT,32,0.5,23,masked,0.023859338463583162,0.08464917271861168,0.05981172768869062,4560.955196519127,18932,3
UD_English-EWT,32,0.5,23,visible,0.01835484122142365,0.06776356280046524,0.04604960020309814,6255.2200375946995,29512,3
UD_English-EWT,32,0.5,24,masked,0.02741434843563695,0.09437094690175186,0.06566394993335765,4570.534115631573,18932,3
UD_English-EWT,32,0.5,24,visible,0.015140390025753273,0.060534298239730944,0.04045153559281372,6793.437106475133,29512,3
UD_English-EWT,32,0.5,25,masked,0.028414598795035422,0.10099782915158934,0.06993816052119707,4394.014847900975,18932,3
UD_English-EWT,32,0.5,25,visible,0.012949446277316187,0.057063487237676125,0.038148885849860405,6510.518368932529,29512,3
UD_English-EWT,32,0.5,26,masked,0.031025032377137936,0.10659227721670994,0.0746883802026957,4214.944810599401,18932,3
UD_English-EWT,32,0.5,26,visible,0.010376158916832117,0.049537327145966814,0.03357168639358019,6329.439143018324,29512,3
UD_English-EWT,32,0.5,27,masked,0.030050145304330006,0.12143178193898092,0.08025301679393697,3563.5518686434466,18932,3
UD_English-EWT,32,0.5,27,visible,0.0074284622564358095,0.04166717906738632,0.029464032793889938,5370.275038576877,29512,3
UD_English-EWT,32,0.5,28,masked,0.03472230508689397,0.14549268477444108,0.09390371332551677,3112.9809622842017,18932,3
UD_English-EWT,32,0.5,28,visible,0.005674114503397836,0.03323094996510861,0.025409073233074172,4789.974037645345,29512,3
UD_English-EWT,32,0.5,29,masked,0.03312630447380912,0.15386963585872518,0.09790029058196088,2652.9127444644378,18932,3
UD_English-EWT,32,0.5,29,visible,0.00523450889169669,0.029630010033960152,0.024591712013422567,4169.688873141279,29512,3
UD_English-EWT,32,0.5,30,masked,0.03026174342746084,0.15871680002122157,0.09983266183731733,2284.8364749693096,18932,3
UD_English-EWT,32,0.5,30,visible,0.005870475362438184,0.028109085775824407,0.02458831950449096,3612.2677324785436,29512,3
UD_English-EWT,32,0.5,31,masked,0.039027447501532926,0.1975590691552438,0.12155954792721309,1432.0601865211781,18932,3
UD_English-EWT,32,0.5,31,visible,0.004942758319675718,0.025531530456754017,0.02375881668693911,3400.071423572675,29512,3
UD_English-EWT,32,0.5,32,masked,0.043547501736493244,0.2091463710692135,0.12975931238463745,518.0839714877532,18932,3
UD_English-EWT,32,0.5,32,visible,0.005407946275705681,0.020103219686343186,0.019286025779131546,3138.075577828839,29512,3
UD_English-EWT,47,0.75,0,masked,0.0,0.0,0.0002239384852847588,14368.927752963607,12061,3
UD_English-EWT,47,0.75,0,visible,8.298916674979793e-05,0.00041652373539544443,0.0004902180031750173,25290.82289887636,36383,3
UD_English-EWT,47,0.75,1,masked,0.0,6.239860227130913e-05,0.0007470957073261259,8695.516245425726,12061,3
UD_English-EWT,47,0.75,1,visible,0.00014030175567388846,0.004754042385527354,0.004310852780285127,19341.763941881916,36383,3
UD_English-EWT,47,0.75,2,masked,0.00016768392549725141,0.0007921090039538785,0.002565883359435608,7591.326910068389,12061,3
UD_English-EWT,47,0.75,2,visible,2.6465528648934763e-05,0.0004951313705190214,0.0005503496726189753,16686.9697584456,36383,3
UD_English-EWT,47,0.75,3,masked,0.00037483066937139055,0.0011160089630011707,0.001666705341480032,9162.708409981225,12061,3
UD_English-EWT,47,0.75,3,visible,0.00019682539377475163,0.0009906995185481268,0.000948800049289013,17720.97174520302,36383,3
UD_English-EWT,47,0.75,4,masked,0.00043722927164269973,0.0007611292306899919,0.0015497370590646913,10127.60007604069,12061,3
UD_English-EWT,47,0.75,4,visible,0.000831469569144434,0.0029778821544955217,0.0024910166393959585,15629.813999570377,36383,3
UD_English-EWT,47,0.75,5,masked,0.0010340984794131854,0.003023808857229317,0.0027380029656823694,10837.228842237839,12061,3
UD_English-EWT,47,0.75,5,visible,0.002386968691191108,0.0073201360229770175,0.005506422629572265,13851.146490300225,36383,3
UD_English-EWT,47,0.75,6,masked,0.002435422694571832,0.005478743433117825,0.005014812357508245,10157.896333724057,12061,3
UD_English-EWT,47,0.75,6,visible,0.003578086184316981,0.010205040219136987,0.00782413388068925,11756.194675827928,36383,3
UD_English-EWT,47,0.75,7,masked,0.0031265483893645855,0.007099560395584893,0.006673802471945683,9486.638843999239,12061,3
UD_English-EWT,47,0.75,7,visible,0.004557479448251374,0.011421482116775425,0.009083045840112986,11050.825726001174,36383,3
UD_English-EWT,47,0.75,8,masked,0.0022672997133310452,0.0065387301036135504,0.005438537951953401,10341.692009333323,12061,3
UD_English-EWT,47,0.75,8,visible,0.005495600082814775,0.01374894669652422,0.010617255982739084,11564.582384492873,36383,3
UD_English-EWT,47,0.75,9,masked,0.0021824043829088502,0.005496148579087363,0.004804920292417769,10402.487854513296,12061,3
UD_English-EWT,47,0.75,9,visible,0.005218941325583135,0.01337764084908598,0.010224124964977398,10817.848871295913,36383,3
UD_English-EWT,47,0.75,10,masked,0.002003252565464388,0.0065187791665533385,0.005440478173961005,9352.58439766447,12061,3
UD_English-EWT,47,0.75,10,visible,0.005409716055860617,0.013752272212681086,0.010584222635328704,9858.866599217365,36383,3
UD_English-EWT,47,0.75,11,masked,0.0022019162642255264,0.006058175055272681,0.005697008338363979,9398.070628450643,12061,3
UD_English-EWT,47,0.75,11,visible,0.0053304112046084805,0.014146627346856877,0.010859699495806561,10384.24698836661,36383,3
UD_English-EWT,47,0.75,12,masked,0.003416483728313781,0.010785150414300587,0.008954067261494449,8420.234277407539,12061,3
UD_English-EWT,47,0.75,12,visible,0.006234528471133742,0.016503009920861376,0.01247661558786857,9821.254320712635,36383,3
UD_English-EWT,47,0.75,13,masked,0.004829275835419639,0.01375548277011513,0.010815960788707302,8457.68720834375,12061,3
UD_English-EWT,47,0.75,13,visible,0.006463602992408568,0.015868281141294755,0.012121273581635556,11071.970682924766,36383,3
UD_English-EWT,47,0.75,14,masked,0.006553621898138506,0.015726120322358123,0.012642146518524916,8718.427284320032,12061,3
UD_English-EWT,47,0.75,14,visible,0.007397954707277367,0.018259892307200633,0.013875025453073423,11557.273368950546,36383,3
UD_English-EWT,47,0.75,15,masked,0.007861567737761957,0.021635684277706693,0.016211092809097407,8285.034107854792,12061,3
UD_English-EWT,47,0.75,15,visible,0.0064066425767976215,0.01845882411482659,0.013533890104361283,11829.47869781674,36383,3
UD_English-EWT,47,0.75,16,masked,0.009473901655116024,0.024473493512336058,0.018990680377245408,8015.830056334481,12061,3
UD_English-EWT,47,0.75,16,visible,0.006357917216704439,0.019404566688506063,0.013838866900170615,13218.73369865525,36383,3
UD_English-EWT,47,0.75,17,masked,0.01729887043831867,0.051656728574843845,0.03732394101606731,6522.770818744571,12061,3
UD_English-EWT,47,0.75,17,visible,0.010033362890983192,0.02916906960473537,0.021408155122884725,9988.675705903343,36383,3
UD_English-EWT,47,0.75,18,masked,0.01920312544695244,0.06265706972238803,0.0445317269145322,6021.5606711768605,12061,3
UD_English-EWT,47,0.75,18,visible,0.00993574245793287,0.035019584411062295,0.02448842836865631,8782.639952163518,36383,3
UD_English-EWT,47,0.75,19,masked,0.02471966401884355,0.07331045414397387,0.05330036017970701,5744.611546627523,12061,3
UD_English-EWT,47,0.75,19,visible,0.011913106015158466,0.041987871292535624,0.028693192794151917,9014.109359827153,36383,3
UD_English-EWT,47,0.75,20,masked,0.02725619100559314,0.08356380072688259,0.05987629794166138,5489.836290675829,12061,3
UD_English-EWT,47,0.75,20,visible,0.012411744857813467,0.04555202342668064,0.030975162405585104,8252.61996510702,36383,3
UD_English-EWT,47,0.75,21,masked,0.029006896754784173,0.09105073488498343,0.06594612946189925,4831.3251392029415,12061,3
UD_English-EWT,47,0.75,21,visible,0.015296649053973438,0.06168233306784666,0.04065050013545136,6969.362789985623,36383,3
UD_English-EWT,47,0.75,22,masked,0.028655319942034106,0.0960209283433307,0.06796141827130749,4646.26137934593,12061,3
UD_English-EWT,47,0.75,22,visible,0.015080366954264129,0.062067741164910595,0.04094756663633817,6962.767927120448,36383,3
UD_English-EWT,47,0.75,23,masked,0.03372140512736116,0.11128277868579717,0.078718733884326,4089.1579373025393,12061,3
UD_English-EWT,47,0.75,23,visible,0.01576022851312094,0.06493862771564181,0.04284241340036831,6286.754908101073,36383,3
UD_English-EWT,47,0.75,24,masked,0.037422325996345346,0.12479595390772609,0.08570669219770251,4104.673818491026,12061,3
UD_English-EWT,47,0.75,24,visible,0.012868400098443533,0.0572222064835294,0.03761819837661437,6776.983156041297,36383,3
UD_English-EWT,47,0.75,25,masked,0.037703339234438006,0.1356889029966972,0.09102579526329889,3962.0895271860377,12061,3
UD_English-EWT,47,0.75,25,visible,0.01051026328390097,0.05366436595597021,0.03543789667093631,6493.259207663602,36383,3
UD_English-EWT,47,0.75,26,masked,0.03854725706020306,0.14439310383263967,0.0961498688075521,3797.3306172745724,12061,3
UD_English-EWT,47,0.75,26,visible,0.008874931302867478,0.04664113283357239,0.0316535219052401,6312.428765901262,36383,3
UD_English-EWT,47,0.75,27,masked,0.03798865448659549,0.1604365943816165,0.10305162922656662,3171.9524645521956,12061,3
UD_English-EWT,47,0.75,27,visible,0.007060299550094049,0.038931029834073455,0.028571002357105395,5346.036376341763,36383,3
UD_English-EWT,47,0.75,28,masked,0.04252401104172801,0.19210142386476123,0.11896278635546298,2696.976746290744,12061,3
UD_English-EWT,47,0.75,28,visible,0.005649222772258935,0.031498634981247865,0.025184103157951703,4732.486950116496,36383,3
UD_English-EWT,47,0.75,29,masked,0.04106128731880176,0.20295342831806065,0.12345178061395157,2295.7919177437943,12061,3
UD_English-EWT,47,0.75,29,visible,0.005456165793708711,0.03000535748301611,0.02499912438560131,4058.573226912131,36383,3
UD_English-EWT,47,0.75,30,masked,0.036582710184645116,0.20787169197158017,0.12416962192002351,2005.7931390144167,12061,3
UD_English-EWT,47,0.75,30,visible,0.005565268315794301,0.02737091458902512,0.024891437014421425,3455.46888092956,36383,3
UD_English-EWT,47,0.75,31,masked,0.041043564100105324,0.24498802708988346,0.14297705957462864,1421.0570823079213,12061,3
UD_English-EWT,47,0.75,31,visible,0.004902320271510754,0.0258140139042236,0.025145137427448765,3060.8072955174225,36383,3
UD_English-EWT,47,0.75,32,masked,0.038697568279376864,0.23847911301496594,0.13992510061538854,414.77486834026985,12061,3
UD_English-EWT,47,0.75,32,visible,0.004833877766864538,0.020758506711838622,0.02018990562577808,2790.5184514878715,36383,3
UD_English-EWT,63,1.0,0,visible,6.192717364379489e-05,0.0004954173891503591,0.0005176398237152483,25096.715320782754,48444,3
UD_English-EWT,63,1.0,1,visible,0.0001857815209313847,0.0013004706465196928,0.0018337270569008374,20473.226343819668,48444,3
UD_English-EWT,63,1.0,2,visible,0.0,0.00030963586821897447,0.0005145528883302218,16721.0535670052,48444,3
UD_English-EWT,63,1.0,3,visible,0.00012385434728758978,0.0008050532573693337,0.0007233886861530747,19138.95956155561,48444,3
UD_English-EWT,63,1.0,4,visible,0.0006811989100817438,0.0024770869457517958,0.0019034838741360815,16984.943088927423,48444,3
UD_English-EWT,63,1.0,5,visible,0.0013623978201634877,0.005387664107010155,0.003937195265265869,14687.535855833537,48444,3
UD_English-EWT,63,1.0,6,visible,0.002229378251176616,0.006750061927173644,0.005357443169593686,12752.88952192222,48444,3
UD_English-EWT,63,1.0,7,visible,0.0027247956403269754,0.008174386920980926,0.006084811019244202,11971.243559573943,48444,3
UD_English-EWT,63,1.0,8,visible,0.002972504334902155,0.009041367351994055,0.006798725015341214,12589.958818429526,48444,3
UD_English-EWT,63,1.0,9,visible,0.0033440673767649244,0.008917513004706465,0.007146761221771158,11325.453554619768,48444,3
UD_English-EWT,63,1.0,10,visible,0.003282140203121129,0.00935100322021303,0.007454271749841445,10398.295516472628,48444,3
UD_English-EWT,63,1.0,11,visible,0.0039014119395590786,0.011084964082239286,0.008435720747316864,10682.17420113946,48444,3
UD_English-EWT,63,1.0,12,visible,0.005201882586078771,0.011951944513252414,0.009977095295379292,10224.75408719346,48444,3
UD_English-EWT,63,1.0,13,visible,0.004768392370572207,0.01139459995045826,0.009217331684936696,11502.466373544712,48444,3
UD_English-EWT,63,1.0,14,visible,0.005883081496160516,0.014986376021798364,0.011263242042254233,11792.345058211542,48444,3
UD_English-EWT,63,1.0,15,visible,0.005511518454297746,0.016224919494674264,0.011650493506188788,12022.42351994055,48444,3
UD_English-EWT,63,1.0,16,visible,0.005759227148872926,0.016162992321030467,0.012135339216485857,13481.02446123359,48444,3
UD_English-EWT,63,1.0,17,visible,0.008917513004706465,0.02817686400792668,0.019821806365556197,10159.994302700024,48444,3
UD_English-EWT,63,1.0,18,visible,0.00910329452563785,0.03251176616299232,0.02274110048327509,8930.443708199158,48444,3
UD_English-EWT,63,1.0,19,visible,0.011084964082239286,0.0400049541738915,0.02753509905363045,9161.886363636364,48444,3
UD_English-EWT,63,1.0,20,visible,0.011766162992321033,0.04526876393361407,0.03014092387686333,8373.304310131285,48444,3
UD_English-EWT,63,1.0,21,visible,0.015110230369085953,0.06198910081743869,0.03983097900169435,6960.9753529848895,48444,3
UD_English-EWT,63,1.0,22,visible,0.014367104285360416,0.05969779539261829,0.039684982776529605,6922.054743621501,48444,3
UD_English-EWT,63,1.0,23,visible,0.014676740153579391,0.06279415407480803,0.04166550290348851,6151.084282883329,48444,3
UD_English-EWT,63,1.0,24,visible,0.01077532821402031,0.0557344562794154,0.03637264745506784,6521.974919494674,48444,3
UD_English-EWT,63,1.0,25,visible,0.008855585831062671,0.054000495417389154,0.03491637761702518,6172.347535298489,48444,3
UD_English-EWT,63,1.0,26,visible,0.008112459747337132,0.04706465196928413,0.03175086989442258,5972.986499876145,48444,3
UD_English-EWT,63,1.0,27,visible,0.006378498885310874,0.0400049541738915,0.029032353036451238,5021.517091899926,48444,3
UD_English-EWT,63,1.0,28,visible,0.005201882586078771,0.03238791181570473,0.026199386201470585,4369.515605647758,48444,3
UD_English-EWT,63,1.0,29,visible,0.005449591280653951,0.031149368342828835,0.02692575657587724,3722.808583106267,48444,3
UD_English-EWT,63,1.0,30,visible,0.005201882586078771,0.028548427049789448,0.026679194166587,3143.628127322269,48444,3
UD_English-EWT,63,1.0,31,visible,0.004768392370572207,0.028672281397077042,0.02844485140083745,2656.0628560812484,48444,3
UD_English-EWT,63,1.0,32,visible,0.005078028238791181,0.0230988357691355,0.022490251482082186,2343.5150483031953,48444,3
