layer,head,object_adj_to_noun,object_det_to_noun,object_to_verb,subject_adj_to_noun,subject_det_to_noun,subject_to_verb,adjacent_mean,distant_mean,max_relation,second_relation,selectivity,adjacency_bias
0,0,0.1724137931034483,0.0406091370558375,0.1255813953488372,0.2597402597402597,0.0764705882352941,0.1546003016591252,0.13730844453370988,0.14009084850398118,0.2597402597402597,0.1724137931034483,0.08732646663681143,-0.0027824039702712966
0,1,0.1379310344827586,0.0076142131979695,0.081860465116279,0.1623376623376623,0.0088235294117647,0.0588235294117647,0.07917660985753877,0.07034199726402185,0.1623376623376623,0.1379310344827586,0.024406627854903717,0.008834612593516922
0,2,0.1939655172413793,0.0482233502538071,0.1330232558139535,0.2207792207792207,0.0470588235294117,0.1319758672699849,0.1275067279509547,0.13249956154196918,0.2207792207792207,0.1939655172413793,0.026813703537841377,-0.004992833591014489
0,3,0.8060344827586207,0.5609137055837563,0.001860465116279,0.8116883116883117,0.6,0.4426847662141779,0.6946591250076722,0.22227261566522846,0.8116883116883117,0.8060344827586207,0.005653828929691018,0.47238650934244375
0,4,0.2456896551724137,0.1548223350253807,0.2902325581395348,0.3441558441558441,0.1676470588235294,0.2812971342383107,0.22807872329429196,0.2857648461889227,0.3441558441558441,0.2902325581395348,0.0539232860163093,-0.057686122894630765
0,5,0.1379310344827586,0.0101522842639593,0.1051162790697674,0.2142857142857142,0.0588235294117647,0.0731523378582202,0.1052981406110492,0.0891343084639938,0.2142857142857142,0.1379310344827586,0.0763546798029556,0.0161638321470554
0,6,0.2068965517241379,0.1446700507614213,0.12,0.2337662337662337,0.1117647058823529,0.1282051282051282,0.17427438553353644,0.1241025641025641,0.2337662337662337,0.2068965517241379,0.026869682042095805,0.050171821430972346
0,7,0.1163793103448275,0.0025380710659898,0.3720930232558139,0.2467532467532467,0.1852941176470588,0.1297134238310709,0.1377411864527807,0.2509032235434424,0.3720930232558139,0.2467532467532467,0.1253397765025672,-0.11316203709066172
0,8,0.1508620689655172,0.0050761421319796,0.1069767441860465,0.1558441558441558,0.0088235294117647,0.0437405731523378,0.08015147408835432,0.07535865866919214,0.1558441558441558,0.1508620689655172,0.004982086878638603,0.004792815419162183
0,9,0.0560344827586206,0.0101522842639593,0.0781395348837209,0.0909090909090909,0.0411764705882352,0.0641025641025641,0.0495680821299765,0.07112104949314249,0.0909090909090909,0.0781395348837209,0.012769556025369999,-0.02155296736316599
0,10,0.0517241379310344,0.0076142131979695,0.0688372093023255,0.0909090909090909,0.0147058823529411,0.0444947209653092,0.04123833109775898,0.056665965133817345,0.0909090909090909,0.0688372093023255,0.022071881606765403,-0.015427634036058367
0,11,0.0474137931034482,0.0685279187817258,0.0632558139534883,0.0649350649350649,0.088235294117647,0.0558069381598793,0.06727801773447148,0.059531376056683794,0.088235294117647,0.0685279187817258,0.019707375335921193,0.007746641677787686
1,0,0.625,0.5710659898477157,0.1627906976744186,0.6948051948051948,0.5970588235294118,0.3310708898944193,0.6219825020455806,0.24693079378441896,0.6948051948051948,0.625,0.06980519480519476,0.37505170826116163
1,1,0.0043103448275862,0.0025380710659898,0.4009302325581395,0.0844155844155844,0.1676470588235294,0.0897435897435897,0.06472776478317245,0.2453369111508646,0.4009302325581395,0.1676470588235294,0.23328317373461008,-0.18060914636769215
1,2,0.0086206896551724,0.0,0.0213953488372093,0.0324675324675324,0.0058823529411764,0.0150829562594268,0.0117426437659703,0.01823915254831805,0.0324675324675324,0.0213953488372093,0.011072183630323102,-0.006496508782347749
1,3,0.0474137931034482,0.0304568527918781,0.0511627906976744,0.0714285714285714,0.0058823529411764,0.0263951734539969,0.03879539256626852,0.03877898207583565,0.0714285714285714,0.0511627906976744,0.020265780730897,1.641049043287629e-05
1,4,0.5905172413793104,0.3527918781725888,0.0167441860465116,0.512987012987013,0.3529411764705882,0.284313725490196,0.45230932725237516,0.15052895576835382,0.5905172413793104,0.512987012987013,0.0775302283922974,0.30178037148402137
1,5,0.1206896551724138,0.0025380710659898,0.0976744186046511,0.1298701298701298,0.0088235294117647,0.0294117647058823,0.06548034638007452,0.0635430916552667,0.1298701298701298,0.1206896551724138,0.009180474697716004,0.0019372547248078242
1,6,0.2758620689655172,0.0786802030456852,0.1823255813953488,0.3376623376623376,0.0794117647058823,0.116892911010558,0.19290409359485555,0.1496092462029534,0.3376623376623376,0.2758620689655172,0.061800268696820426,0.04329484739190215
1,7,0.0646551724137931,0.0126903553299492,0.0260465116279069,0.0844155844155844,0.0147058823529411,0.0241327300150829,0.04411674862806695,0.0250896208214949,0.0844155844155844,0.0646551724137931,0.019760412001791308,0.01902712780657205
1,8,0.0862068965517241,0.1116751269035533,0.0474418604651162,0.0909090909090909,0.1205882352941176,0.0437405731523378,0.10234483741462147,0.045591216808727,0.1205882352941176,0.1116751269035533,0.008913108390564292,0.05675362060589447
1,9,0.0818965517241379,0.0456852791878172,0.0251162790697674,0.0519480519480519,0.1058823529411764,0.0218702865761689,0.07135305895029585,0.02349328282296815,0.1058823529411764,0.0818965517241379,0.0239858012170385,0.047859776127327704
1,10,0.0344827586206896,0.0304568527918781,0.04,0.1038961038961039,0.1352941176470588,0.0226244343891402,0.0760324582389326,0.0313122171945701,0.1352941176470588,0.1038961038961039,0.031398013750954884,0.044720241044362494
1,11,0.043103448275862,0.0,0.027906976744186,0.1103896103896103,0.0058823529411764,0.0105580693815987,0.039843852901662175,0.019232523062892352,0.1103896103896103,0.043103448275862,0.0672861621137483,0.020611329838769822
2,0,0.0,0.0025380710659898,0.2297674418604651,0.1103896103896103,0.2088235294117647,0.114630467571644,0.0804378027168412,0.17219895471605456,0.2297674418604651,0.2088235294117647,0.02094391244870039,-0.09176115199921336
2,1,0.0732758620689655,0.0279187817258883,0.0520930232558139,0.0519480519480519,0.0029411764705882,0.033182503770739,0.039020968053373475,0.04263776351327645,0.0732758620689655,0.0520930232558139,0.021182838813151597,-0.003616795459902976
2,2,0.8060344827586207,0.5532994923857868,0.001860465116279,0.8051948051948052,0.6029411764705882,0.4426847662141779,0.6918674892024502,0.22227261566522846,0.8060344827586207,0.8051948051948052,0.0008396775638154219,0.46959487353722174
2,3,0.0344827586206896,0.0101522842639593,0.3311627906976744,0.0909090909090909,0.138235294117647,0.0980392156862745,0.0684448569778467,0.21460100319197445,0.3311627906976744,0.138235294117647,0.1929274965800274,-0.14615614621412776
2,4,0.5,0.4949238578680203,0.0120930232558139,0.5844155844155844,0.4588235294117647,0.4668174962292609,0.5095407429238423,0.2394552597425374,0.5844155844155844,0.5,0.08441558441558439,0.27008548318130493
2,5,0.0129310344827586,0.0050761421319796,0.3506976744186046,0.0519480519480519,0.15,0.0746606334841629,0.054988807140697524,0.21267915395138376,0.3506976744186046,0.15,0.20069767441860462,-0.15769034681068622
2,6,0.0043103448275862,0.0025380710659898,0.1646511627906976,0.0584415584415584,0.05,0.0316742081447963,0.0288224935837836,0.09816268546774695,0.1646511627906976,0.0584415584415584,0.1062096043491392,-0.06934019188396336
2,7,0.0387931034482758,0.0076142131979695,0.013953488372093,0.0259740259740259,0.0,0.0082956259426847,0.0180953356550678,0.01112455715738885,0.0387931034482758,0.0259740259740259,0.012819077474249901,0.006970778497678949
2,8,0.0043103448275862,0.0,0.5832558139534884,0.0779220779220779,0.0852941176470588,0.0844645550527903,0.041881635099180727,0.3338601845031393,0.5832558139534884,0.0852941176470588,0.49796169630642956,-0.29197854940395856
2,9,0.5560344827586207,0.1852791878172588,0.3283720930232558,0.448051948051948,0.2735294117647059,0.143288084464555,0.36572375759813336,0.2358300887439054,0.5560344827586207,0.448051948051948,0.10798253470667268,0.12989366885422796
2,10,0.0043103448275862,0.0025380710659898,0.0195348837209302,0.0584415584415584,0.0147058823529411,0.0226244343891402,0.019998964172018872,0.0210796590550352,0.0584415584415584,0.0226244343891402,0.0358171240524182,-0.0010806948830163268
2,11,0.0474137931034482,0.0126903553299492,0.041860465116279,0.0454545454545454,0.0117647058823529,0.0135746606334841,0.029330849942573924,0.02771756287488155,0.0474137931034482,0.0454545454545454,0.001959247648902797,0.001613287067692374
3,0,0.0301724137931034,0.0101522842639593,0.0316279069767441,0.0324675324675324,0.0029411764705882,0.0218702865761689,0.018933351748795825,0.0267490967764565,0.0324675324675324,0.0316279069767441,0.0008396254907883025,-0.007815745027660675
3,1,0.0172413793103448,0.0101522842639593,0.1302325581395348,0.1038961038961039,0.1970588235294117,0.090497737556561,0.08208714774995493,0.1103651478480479,0.1970588235294117,0.1302325581395348,0.0668262653898769,-0.028278000098092976
3,2,0.0172413793103448,0.0101522842639593,0.3525581395348837,0.1103896103896103,0.2176470588235294,0.1040723981900452,0.08885758319686095,0.22831526886246445,0.3525581395348837,0.2176470588235294,0.1349110807113543,-0.13945768566560351
3,3,0.0086206896551724,0.015228426395939,0.2958139534883721,0.0324675324675324,0.0941176470588235,0.0935143288084464,0.03760857389436682,0.19466414114840924,0.2958139534883721,0.0941176470588235,0.20169630642954858,-0.1570555672540424
3,4,0.0387931034482758,0.0253807106598984,0.0548837209302325,0.0844155844155844,0.0705882352941176,0.0414781297134238,0.05479440845446905,0.04818092532182815,0.0844155844155844,0.0705882352941176,0.013827349121466798,0.006613483132640902
3,5,0.2241379310344827,0.1192893401015228,0.0632558139534883,0.1818181818181818,0.0676470588235294,0.0520361990950226,0.14822312794442918,0.057646006524255444,0.2241379310344827,0.1818181818181818,0.04231974921630091,0.09057712142017374
3,6,0.0172413793103448,0.0406091370558375,0.1162790697674418,0.0974025974025974,0.1558823529411764,0.1010558069381598,0.07778386667748902,0.1086674383528008,0.1558823529411764,0.1162790697674418,0.039603283173734585,-0.030883571675311777
3,7,0.0818965517241379,0.032994923857868,0.4232558139534884,0.1688311688311688,0.2411764705882353,0.1229260935143288,0.13122477875035252,0.27309095373390857,0.4232558139534884,0.2411764705882353,0.18207934336525308,-0.14186617498355605
3,8,0.0086206896551724,0.0050761421319796,0.4716279069767441,0.1168831168831168,0.1852941176470588,0.1191553544494721,0.0789685165793319,0.2953916307131081,0.4716279069767441,0.1852941176470588,0.28633378932968534,-0.21642311413377618
3,9,0.0344827586206896,0.0,0.3869767441860465,0.0909090909090909,0.1323529411764706,0.1251885369532428,0.06443619767656278,0.25608264056964464,0.3869767441860465,0.1323529411764706,0.2546238030095759,-0.19164644289308186
3,10,0.1896551724137931,0.0837563451776649,0.0632558139534883,0.1493506493506493,0.0794117647058823,0.2066365007541478,0.1255434829119974,0.13494615735381804,0.2066365007541478,0.1896551724137931,0.016981328340354707,-0.009402674441820635
3,11,0.3620689655172414,0.1979695431472081,0.1255813953488372,0.3571428571428571,0.2705882352941176,0.3288084464555053,0.296942400275356,0.22719492090217125,0.3620689655172414,0.3571428571428571,0.004926108374384286,0.06974747937318476
4,0,0.0129310344827586,0.0025380710659898,0.8018604651162791,0.0974025974025974,0.1058823529411764,0.1651583710407239,0.05468851397313055,0.48350941807850145,0.8018604651162791,0.1651583710407239,0.6367020940755552,-0.4288209041053709
4,1,0.0,0.0,0.3469767441860465,0.0974025974025974,0.2117647058823529,0.1138763197586727,0.07729182582123757,0.2304265319723596,0.3469767441860465,0.2117647058823529,0.1352120383036936,-0.153134706151122
4,2,0.0862068965517241,0.0456852791878172,0.1916279069767441,0.0584415584415584,0.0676470588235294,0.0656108597285067,0.06449519825115728,0.1286193833526254,0.1916279069767441,0.0862068965517241,0.10542101042501999,-0.06412418510146813
4,3,0.7801724137931034,0.7233502538071066,0.1702325581395349,0.6948051948051948,0.6529411764705882,0.3152337858220211,0.7128172597189982,0.24273317198077798,0.7801724137931034,0.7233502538071066,0.05682215998599682,0.47008408773822025
4,4,0.1379310344827586,0.1142131979695431,0.1265116279069767,0.1298701298701298,0.0558823529411764,0.085972850678733,0.10947417881590196,0.10624223929285485,0.1379310344827586,0.1298701298701298,0.008060904612628789,0.0032319395230471087
4,5,0.0129310344827586,0.0634517766497461,0.2465116279069767,0.0909090909090909,0.2205882352941176,0.0995475113122171,0.09697003433392831,0.1730295696095969,0.2465116279069767,0.2205882352941176,0.025923392612859086,-0.07605953527566858
4,6,0.1293103448275862,0.0761421319796954,0.147906976744186,0.2012987012987013,0.2235294117647059,0.1244343891402715,0.1575701474676722,0.13617068294222873,0.2235294117647059,0.2012987012987013,0.022230710466004583,0.021399464525443473
4,7,0.2327586206896551,0.0761421319796954,0.0865116279069767,0.3571428571428571,0.2205882352941176,0.1312217194570135,0.2216579612765813,0.1088666736819951,0.3571428571428571,0.2327586206896551,0.12438423645320199,0.1127912875945862
4,8,0.3448275862068966,0.1522842639593908,0.0669767441860465,0.2402597402597402,0.0911764705882352,0.3340874811463046,0.20713701525356568,0.20053211266617554,0.3448275862068966,0.3340874811463046,0.010740105060591976,0.006604902587390132
4,9,0.0603448275862069,0.0076142131979695,0.3060465116279069,0.1753246753246753,0.2029411764705882,0.1236802413273001,0.11155622314485997,0.2148633764776035,0.3060465116279069,0.2029411764705882,0.1031053351573187,-0.10330715333274354
4,10,0.1206896551724138,0.015228426395939,0.0753488372093023,0.0519480519480519,0.0117647058823529,0.0580693815987933,0.049907709849689404,0.0667091094040478,0.1206896551724138,0.0753488372093023,0.0453408179631115,-0.016801399554358394
4,11,0.0129310344827586,0.0076142131979695,0.3534883720930232,0.1038961038961039,0.2176470588235294,0.0957767722473604,0.08552210260009036,0.2246325721701918,0.3534883720930232,0.2176470588235294,0.1358413132694938,-0.13911046957010145
5,0,0.5560344827586207,0.2969543147208122,0.0074418604651162,0.4935064935064935,0.3764705882352941,0.5346907993966817,0.4307414698053051,0.27106632993089896,0.5560344827586207,0.5346907993966817,0.021343683361938925,0.15967513987440612
5,1,0.8017241379310345,0.5583756345177665,0.001860465116279,0.8116883116883117,0.5970588235294118,0.444947209653092,0.6922117269166311,0.2234038373846855,0.8116883116883117,0.8017241379310345,0.009964173757277206,0.46880788953194563
5,2,0.1853448275862069,0.0736040609137055,0.0186046511627906,0.2857142857142857,0.1735294117647058,0.2654600301659125,0.17954814649472597,0.14203234066435155,0.2857142857142857,0.2654600301659125,0.02025425554837318,0.03751580583037442
5,3,0.0129310344827586,0.0076142131979695,0.0995348837209302,0.0909090909090909,0.1529411764705882,0.090497737556561,0.0660988787651018,0.0950163106387456,0.1529411764705882,0.0995348837209302,0.053406292749657996,-0.028917431873643804
5,4,0.0086206896551724,0.0025380710659898,0.6390697674418605,0.1168831168831168,0.2176470588235294,0.1191553544494721,0.0864222341069521,0.3791125609456663,0.6390697674418605,0.2176470588235294,0.4214227086183311,-0.2926903268387142
5,5,0.7456896551724138,0.5101522842639594,0.001860465116279,0.7792207792207793,0.5323529411764706,0.4253393665158371,0.6418539149584057,0.21359991581605806,0.7792207792207793,0.7456896551724138,0.033531124048365446,0.42825399914234763
5,6,0.0043103448275862,0.0050761421319796,0.361860465116279,0.0649350649350649,0.1558823529411764,0.0678733031674208,0.057550976208951776,0.2148668841418499,0.361860465116279,0.1558823529411764,0.20597811217510262,-0.15731590793289812
5,7,0.4482758620689655,0.1878172588832487,0.4762790697674419,0.4935064935064935,0.2970588235294117,0.2345399698340874,0.3566646094970298,0.35540951980076463,0.4935064935064935,0.4762790697674419,0.017227423739051617,0.0012550896962651992
5,8,0.6939655172413793,0.365482233502538,0.0474418604651162,0.7077922077922078,0.388235294117647,0.3393665158371041,0.538868813163443,0.19340418815111016,0.7077922077922078,0.6939655172413793,0.013826690550828413,0.3454646250123329
5,9,0.0905172413793103,0.0710659898477157,0.0809302325581395,0.0389610389610389,0.0588235294117647,0.0527903469079939,0.0648419498999574,0.0668602897330667,0.0905172413793103,0.0809302325581395,0.009587008821170806,-0.0020183398331092978
5,10,0.271551724137931,0.1954314720812182,0.1674418604651162,0.2467532467532467,0.0970588235294117,0.1289592760180995,0.20269881662545192,0.14820056824160785,0.271551724137931,0.2467532467532467,0.024798477384684298,0.05449824838384407
5,11,0.2112068965517241,0.0786802030456852,0.0744186046511627,0.3636363636363636,0.1441176470588235,0.1425339366515837,0.19941027757314908,0.1084762706513732,0.3636363636363636,0.2112068965517241,0.1524294670846395,0.09093400692177588
6,0,0.0258620689655172,0.0076142131979695,0.413953488372093,0.1168831168831168,0.2147058823529411,0.1312217194570135,0.09126632034988616,0.2725876039145533,0.413953488372093,0.2147058823529411,0.1992476060191519,-0.18132128356466712
6,1,0.8103448275862069,0.6015228426395939,0.0232558139534883,0.7012987012987013,0.438235294117647,0.5588235294117647,0.6378504164105372,0.2910396716826265,0.8103448275862069,0.7012987012987013,0.10904612628750554,0.3468107447279107
6,2,0.0258620689655172,0.0076142131979695,0.0437209302325581,0.0519480519480519,0.0911764705882352,0.06184012066365,0.04415020117494345,0.05278052544810405,0.0911764705882352,0.06184012066365,0.029336349924585205,-0.0086303242731606
6,3,0.1379310344827586,0.0837563451776649,0.1069767441860465,0.2142857142857142,0.1823529411764705,0.138763197586727,0.15458150878065205,0.12286997088638675,0.2142857142857142,0.1823529411764705,0.031932773109243695,0.0317115378942653
6,4,0.0862068965517241,0.0380710659898477,0.2269767441860465,0.1428571428571428,0.0558823529411764,0.0754147812971342,0.08075436458497275,0.15119576274159036,0.2269767441860465,0.1428571428571428,0.0841196013289037,-0.07044139815661761
6,5,0.1982758620689655,0.1802030456852792,0.2344186046511628,0.1818181818181818,0.2264705882352941,0.1327300150829562,0.19669191945193015,0.1835743098670595,0.2344186046511628,0.2264705882352941,0.007948016415868703,0.013117609584870654
6,6,0.396551724137931,0.2208121827411167,0.1181395348837209,0.3311688311688311,0.1823529411764705,0.1063348416289592,0.28272141980608734,0.11223718825634005,0.396551724137931,0.3311688311688311,0.06538289296909988,0.1704842315497473
6,7,0.4353448275862069,0.2385786802030456,0.0893023255813953,0.3701298701298701,0.2117647058823529,0.1463046757164404,0.31395452095036885,0.11780350064891784,0.4353448275862069,0.3701298701298701,0.06521495745633682,0.196151020301451
6,8,0.0043103448275862,0.0101522842639593,0.4027906976744186,0.0974025974025974,0.2352941176470588,0.0957767722473604,0.08678983603530042,0.2492837349608895,0.4027906976744186,0.2352941176470588,0.16749658002735981,-0.16249389892558908
6,9,0.7931034482758621,0.5532994923857868,0.0037209302325581,0.8116883116883117,0.5794117647058824,0.4419306184012066,0.6843757542639608,0.22282577431688236,0.8116883116883117,0.7931034482758621,0.01858486341244958,0.46154997994707847
6,10,0.1077586206896551,0.032994923857868,0.0213953488372093,0.0909090909090909,0.0617647058823529,0.2481146304675716,0.07335683533474172,0.13475498965239044,0.2481146304675716,0.1077586206896551,0.1403560097779165,-0.06139815431764872
6,11,0.021551724137931,0.0050761421319796,0.6167441860465116,0.1103896103896103,0.2088235294117647,0.1402714932126696,0.08646025151782141,0.3785078396295906,0.6167441860465116,0.2088235294117647,0.40792065663474686,-0.29204758811176923
7,0,0.0086206896551724,0.0101522842639593,0.5572093023255814,0.1103896103896103,0.2352941176470588,0.0950226244343891,0.0911141754889502,0.3261159633799853,0.5572093023255814,0.2352941176470588,0.32191518467852265,-0.23500178789103507
7,1,0.7025862068965517,0.583756345177665,0.0697674418604651,0.5454545454545454,0.2588235294117647,0.5007541478129713,0.5226551567351316,0.28526079483671823,0.7025862068965517,0.583756345177665,0.11882986171888676,0.2373943618984134
7,2,0.2413793103448276,0.3756345177664975,0.0530232558139534,0.2207792207792207,0.2852941176470588,0.1463046757164404,0.28077179163440114,0.0996639657651969,0.3756345177664975,0.2852941176470588,0.09034040011943867,0.18110782586920424
7,3,0.4612068965517241,0.1192893401015228,0.0697674418604651,0.3441558441558441,0.1676470588235294,0.3076923076923077,0.2730747849081551,0.18872987477638642,0.4612068965517241,0.3441558441558441,0.11705105239587998,0.0843449101317687
7,4,0.0344827586206896,0.0634517766497461,0.3720930232558139,0.1623376623376623,0.2647058823529412,0.1380090497737556,0.1312445199902598,0.2550510365147848,0.3720930232558139,0.2647058823529412,0.10738714090287271,-0.12380651652452498
7,5,0.1637931034482758,0.0279187817258883,0.0297674418604651,0.0974025974025974,0.0205882352941176,0.2594268476621418,0.07742567946771978,0.14459714476130345,0.2594268476621418,0.1637931034482758,0.095633744213866,-0.06717146529358367
7,6,0.1853448275862069,0.1725888324873096,0.0716279069767441,0.2207792207792207,0.1705882352941176,0.1598793363499245,0.1873252790367137,0.11575362166333429,0.2207792207792207,0.1853448275862069,0.03543439319301378,0.07157165737337941
7,7,0.1982758620689655,0.1192893401015228,0.015813953488372,0.3376623376623376,0.2117647058823529,0.3567119155354449,0.2167480614287947,0.18626293451190845,0.3567119155354449,0.3376623376623376,0.019049577873107293,0.030485126916886263
7,8,0.2198275862068965,0.0786802030456852,0.5506976744186046,0.3376623376623376,0.3088235294117647,0.1365007541478129,0.23624841408167102,0.3435992142832088,0.5506976744186046,0.3376623376623376,0.213035336756267,-0.10735080020153775
7,9,0.0818965517241379,0.0203045685279187,0.2641860465116279,0.1493506493506493,0.2264705882352941,0.1289592760180995,0.11950558945949999,0.19657266126486372,0.2641860465116279,0.2264705882352941,0.037715458276333824,-0.07706707180536373
7,10,0.7629310344827587,0.5456852791878173,0.001860465116279,0.7857142857142857,0.5852941176470589,0.418552036199095,0.6699061792579801,0.210206250657687,0.7857142857142857,0.7629310344827587,0.022783251231527024,0.45969992860029313
7,11,0.6508620689655172,0.5126903553299492,0.015813953488372,0.6688311688311688,0.5617647058823529,0.394419306184012,0.598537074752247,0.205116629836192,0.6688311688311688,0.6508620689655172,0.01796909986565154,0.39342044491605505
8,0,0.0862068965517241,0.0203045685279187,0.0316279069767441,0.1493506493506493,0.1323529411764706,0.1078431372549019,0.09705376390169068,0.069735522115823,0.1493506493506493,0.1323529411764706,0.0169977081741787,0.027318241785867683
8,1,0.3491379310344827,0.1979695431472081,0.0037209302325581,0.5844155844155844,0.4235294117647059,0.4019607843137255,0.38876311759049526,0.2028408572731418,0.5844155844155844,0.4235294117647059,0.1608861726508785,0.18592226031735345
8,2,0.2586206896551724,0.1345177664974619,0.1051162790697674,0.2662337662337662,0.2323529411764706,0.1689291101055807,0.22293129089071778,0.13702269458767405,0.2662337662337662,0.2586206896551724,0.007613076578593836,0.08590859630304373
8,3,0.396551724137931,0.3934010152284264,0.0241860465116279,0.3246753246753247,0.2911764705882353,0.4675716440422323,0.3514511336574794,0.2458788452769301,0.4675716440422323,0.396551724137931,0.07101991990430129,0.10557228838054927
8,4,0.1896551724137931,0.0355329949238578,0.6548837209302325,0.3051948051948052,0.2029411764705882,0.2458521870286576,0.18333103725076105,0.45036795397944507,0.6548837209302325,0.3051948051948052,0.3496889157354273,-0.267036916728684
8,5,0.0258620689655172,0.0126903553299492,0.3395348837209302,0.1168831168831168,0.2176470588235294,0.1191553544494721,0.09327065000052814,0.22934511908520117,0.3395348837209302,0.2176470588235294,0.12188782489740083,-0.13607446908467302
8,6,0.5387931034482759,0.3274111675126903,0.0111627906976744,0.577922077922078,0.4323529411764706,0.4313725490196078,0.46911982251487866,0.2212676698586411,0.577922077922078,0.5387931034482759,0.039128974473802036,0.24785215265623756
8,7,0.0043103448275862,0.0177664974619289,0.533953488372093,0.1233766233766233,0.2705882352941176,0.1085972850678733,0.10401042524006399,0.3212753867199831,0.533953488372093,0.2705882352941176,0.2633652530779754,-0.21726496147991914
8,8,0.2887931034482758,0.1878172588832487,0.0809302325581395,0.422077922077922,0.1941176470588235,0.2624434389140271,0.2732014828670675,0.1716868357360833,0.422077922077922,0.2887931034482758,0.1332848186296462,0.10151464713098424
8,9,0.3922413793103448,0.2360406091370558,0.0604651162790697,0.3181818181818182,0.2264705882352941,0.2639517345399698,0.2932335987161282,0.16220842540951974,0.3922413793103448,0.3181818181818182,0.07405956112852663,0.13102517330660846
8,10,0.6724137931034483,0.4314720812182741,0.1506976744186046,0.7012987012987013,0.4441176470588235,0.3770739064856712,0.5623255556698118,0.2638857904521379,0.7012987012987013,0.6724137931034483,0.028884908195253023,0.2984397652176739
8,11,0.3793103448275862,0.2741116751269035,0.1088372093023255,0.4675324675324675,0.3647058823529411,0.1870286576168929,0.3714150924599746,0.1479329334596092,0.4675324675324675,0.3793103448275862,0.08822212270488133,0.22348215900036542
9,0,0.4525862068965517,0.5736040609137056,0.2567441860465116,0.4805194805194805,0.4941176470588235,0.310708898944193,0.5002068488471403,0.28372654249535234,0.5736040609137056,0.4941176470588235,0.07948641385488214,0.21648030635178794
9,1,0.6767241379310345,0.4568527918781725,0.0213953488372093,0.6688311688311688,0.5088235294117647,0.4012066365007541,0.5778079070130351,0.2113009926689817,0.6767241379310345,0.6688311688311688,0.007892969099865699,0.36650691434405336
9,2,0.4396551724137931,0.4289340101522843,0.1348837209302325,0.3961038961038961,0.388235294117647,0.2616892911010558,0.4132320931969051,0.19828650601564415,0.4396551724137931,0.4289340101522843,0.010721162261508821,0.21494558718126097
9,3,0.271551724137931,0.1192893401015228,0.5004651162790698,0.4415584415584415,0.3,0.1855203619909502,0.2830998764494738,0.34299273913501,0.5004651162790698,0.4415584415584415,0.05890667472062827,-0.059892862685536175
9,4,0.5344827586206896,0.3527918781725888,0.041860465116279,0.525974025974026,0.3764705882352941,0.5007541478129713,0.44742981275064964,0.2713073064646252,0.5344827586206896,0.525974025974026,0.00850873264666363,0.17612250628602444
9,5,0.2155172413793103,0.1928934010152284,0.1720930232558139,0.3766233766233766,0.2558823529411764,0.1282051282051282,0.2602290929897729,0.15014907573047104,0.3766233766233766,0.2558823529411764,0.12074102368220019,0.11008001725930189
9,6,0.7456896551724138,0.649746192893401,0.1302325581395348,0.8051948051948052,0.6264705882352941,0.4291101055806938,0.7067753103739786,0.2796713318601143,0.8051948051948052,0.7456896551724138,0.05950515002239143,0.4271039785138643
9,7,0.3577586206896552,0.2436548223350254,0.0697674418604651,0.4025974025974026,0.3558823529411765,0.167420814479638,0.3399732996408149,0.11859412817005155,0.4025974025974026,0.3577586206896552,0.04483878190774743,0.22137917147076336
9,8,0.4008620689655172,0.434010152284264,0.0772093023255813,0.422077922077922,0.4088235294117647,0.1040723981900452,0.41644341818486696,0.09064085025781325,0.434010152284264,0.422077922077922,0.011932230206341987,0.3258025679270537
9,9,0.7543103448275862,0.5583756345177665,0.0520930232558139,0.7987012987012987,0.5617647058823529,0.4019607843137255,0.668287995982251,0.2270269037847697,0.7987012987012987,0.7543103448275862,0.0443909538737125,0.4412610921974813
9,10,0.6982758620689655,0.4619289340101523,0.133953488372093,0.7532467532467533,0.5558823529411765,0.4102564102564102,0.6173334755667619,0.2721049493142516,0.7532467532467533,0.6982758620689655,0.05497089117778775,0.34522852625251027
9,11,0.2758620689655172,0.2741116751269035,0.0065116279069767,0.422077922077922,0.3529411764705882,0.2028657616892911,0.3312482106602327,0.1046886947981339,0.422077922077922,0.3529411764705882,0.0691367456073338,0.22655951586209877
10,0,0.4827586206896552,0.4517766497461929,0.0976744186046511,0.4155844155844156,0.4147058823529412,0.1327300150829562,0.4412063920933012,0.11520221684380366,0.4827586206896552,0.4517766497461929,0.030981970943462278,0.32600417524949754
10,1,0.5905172413793104,0.5101522842639594,0.1274418604651162,0.6558441558441559,0.4970588235294118,0.3265460030165912,0.5633931262542093,0.2269939317408537,0.6558441558441559,0.5905172413793104,0.06532691446484551,0.33639919451335565
10,2,0.5732758620689655,0.5101522842639594,0.0846511627906976,0.6168831168831169,0.5264705882352941,0.2737556561085973,0.556695462862834,0.17920340944964747,0.6168831168831169,0.5732758620689655,0.0436072548141514,0.37749205341318653
10,3,0.4267241379310345,0.3781725888324873,0.0697674418604651,0.448051948051948,0.4088235294117647,0.2036199095022624,0.41544305105680857,0.13669367568136376,0.448051948051948,0.4267241379310345,0.021327810120913504,0.2787493753754448
10,4,0.2974137931034483,0.1928934010152284,0.2586046511627907,0.2857142857142857,0.2294117647058823,0.2714932126696832,0.25135831113471113,0.2650489319162369,0.2974137931034483,0.2857142857142857,0.011699507389162589,-0.013690620781525775
10,5,0.1853448275862069,0.1319796954314721,0.0976744186046511,0.3246753246753247,0.2911764705882353,0.1825037707390648,0.23329407957030973,0.14008909467185796,0.3246753246753247,0.2911764705882353,0.03349885408708936,0.09320498489845178
10,6,0.5603448275862069,0.5076142131979695,0.1581395348837209,0.6103896103896104,0.5264705882352941,0.2677224736048265,0.5512048098522702,0.2129310042442737,0.6103896103896104,0.5603448275862069,0.05004478280340352,0.33827380560799647
10,7,0.7456896551724138,0.5558375634517766,0.1441860465116279,0.7012987012987013,0.5470588235294118,0.3755656108597285,0.6374711858630759,0.2598758286856782,0.7456896551724138,0.7012987012987013,0.0443909538737125,0.37759535717739773
10,8,0.728448275862069,0.4746192893401015,0.0055813953488372,0.7077922077922078,0.4823529411764706,0.361236802413273,0.5983031785427122,0.1834090988810551,0.728448275862069,0.7077922077922078,0.0206560680698612,0.4148940796616571
10,9,0.0646551724137931,0.1243654822335025,0.5060465116279069,0.1948051948051948,0.2823529411764706,0.0867269984917043,0.16654469765724023,0.2963867550598056,0.5060465116279069,0.2823529411764706,0.22369357045143634,-0.12984205740256538
10,10,0.521551724137931,0.449238578680203,0.0837209302325581,0.474025974025974,0.438235294117647,0.1628959276018099,0.47076289274043875,0.123308428917184,0.521551724137931,0.474025974025974,0.04752575011195703,0.34745446382325473
10,11,0.4482758620689655,0.4949238578680203,0.4669767441860465,0.6558441558441559,0.6147058823529412,0.3031674208144796,0.5534374395335208,0.38507208250026304,0.6558441558441559,0.6147058823529412,0.04113827349121468,0.16836535703325772
11,0,0.0905172413793103,0.1446700507614213,0.0372093023255813,0.1688311688311688,0.0970588235294117,0.0377073906485671,0.12526932112532801,0.037458346487074204,0.1688311688311688,0.1446700507614213,0.024161118069747495,0.08781097463825381
11,1,0.5818965517241379,0.383248730964467,0.1395348837209302,0.6038961038961039,0.4323529411764706,0.2405731523378582,0.5003485819402949,0.1900540180293942,0.6038961038961039,0.5818965517241379,0.02199955217196603,0.31029456391090066
11,2,0.4784482758620689,0.2893401015228426,0.0967441860465116,0.4805194805194805,0.3441176470588235,0.1802413273001508,0.39810637624080386,0.1384927566733312,0.4805194805194805,0.4784482758620689,0.0020712046574116183,0.25961361956747264
11,3,0.3017241379310345,0.1573604060913705,0.1990697674418604,0.2922077922077922,0.2764705882352941,0.1862745098039215,0.2569407311163728,0.19267213862289095,0.3017241379310345,0.2922077922077922,0.009516345723242281,0.06426859249348182
11,4,0.2025862068965517,0.2258883248730964,0.0502325581395348,0.2987012987012987,0.2117647058823529,0.1523378582202111,0.23473513408832491,0.10128520817987294,0.2987012987012987,0.2258883248730964,0.07281297382820229,0.13344992590845198
11,5,0.5689655172413793,0.3807106598984771,0.0437209302325581,0.4675324675324675,0.3823529411764705,0.3755656108597285,0.44989039646219864,0.2096432705461433,0.5689655172413793,0.4675324675324675,0.10143304970891182,0.24024712591605535
11,6,0.4525862068965517,0.3578680203045685,0.1013953488372093,0.4090909090909091,0.3617647058823529,0.1923076923076923,0.3953274605435956,0.1468515205724508,0.4525862068965517,0.4090909090909091,0.043495297805642597,0.24847593997114478
11,7,0.625,0.4898477157360406,0.0493023255813953,0.6233766233766234,0.5088235294117647,0.1327300150829562,0.5617619671311072,0.09101617033217575,0.625,0.6233766233766234,0.0016233766233766378,0.4707457967989314
11,8,0.1637931034482758,0.1675126903553299,0.0893023255813953,0.2532467532467532,0.2,0.2466063348416289,0.19613813676258973,0.1679543302115121,0.2532467532467532,0.2466063348416289,0.006640418405124332,0.028183806551077634
11,9,0.6422413793103449,0.4644670050761421,0.2074418604651162,0.6623376623376623,0.4852941176470588,0.4766214177978884,0.563585041092802,0.3420316391315023,0.6623376623376623,0.6422413793103449,0.020096283027317474,0.22155340196129975
11,10,0.4913793103448275,0.5228426395939086,0.2316279069767441,0.5974025974025974,0.5941176470588235,0.2790346907993967,0.5514355486000393,0.2553312988880704,0.5974025974025974,0.5941176470588235,0.0032849503437738514,0.2961042497119689
11,11,0.2586206896551724,0.2055837563451776,0.3720930232558139,0.4415584415584415,0.3117647058823529,0.3559577677224736,0.30438189836028606,0.36402539548914375,0.4415584415584415,0.3720930232558139,0.06946541830262759,-0.05964349712885769
